 ,Area,X,Y,Perim.,Major,Minor,Angle,Circ.,Feret,FeretX,FeretY,FeretAngle,MinFeret,AR,Round,Solidity
1,0.007,7.729,0.076,0.354,0.125,0.072,81.925,0.710,0.132,5490,98,78.930,0.077,1.727,0.579,0.929
2,0.021,8.094,0.118,0.611,0.202,0.132,88.580,0.706,0.222,5755,169,84.181,0.138,1.524,0.656,0.941
3,0.008,9.746,0.114,0.358,0.121,0.081,38.856,0.758,0.124,6907,114,57.926,0.085,1.497,0.668,0.929
4,5.547E-4,5.529,0.067,0.089,0.029,0.025,4.244,0.887,0.030,3925,47,166.608,0.024,1.162,0.861,0.937
5,0.019,5.969,0.137,0.546,0.165,0.145,53.287,0.792,0.172,4225,154,61.763,0.152,1.132,0.883,0.950
6,0.010,1.889,0.100,0.421,0.158,0.079,172.083,0.697,0.168,1290,57,170.853,0.083,2.003,0.499,0.954
7,0.011,2.768,0.142,0.562,0.152,0.090,13.870,0.430,0.179,1910,127,30.192,0.107,1.681,0.595,0.841
8,0.005,2.011,0.130,0.301,0.115,0.059,26.908,0.745,0.117,1398,114,31.201,0.063,1.943,0.515,0.950
9,0.010,7.899,0.153,0.461,0.166,0.080,25.171,0.615,0.176,5569,140,32.296,0.096,2.090,0.479,0.888
10,0.003,1.330,0.132,0.200,0.067,0.053,20.124,0.888,0.068,926,106,32.381,0.053,1.266,0.790,0.967
11,0.028,4.420,0.213,0.738,0.248,0.146,30.807,0.654,0.258,3059,202,29.358,0.167,1.698,0.589,0.917
12,0.004,10.731,0.192,0.266,0.095,0.060,102.704,0.797,0.101,7630,103,98.807,0.062,1.586,0.630,0.949
13,0.004,1.841,0.193,0.239,0.077,0.060,96.773,0.790,0.087,1303,107,104.036,0.062,1.289,0.776,0.921
14,0.030,10.098,0.264,0.729,0.239,0.157,110.127,0.700,0.262,7139,109,111.060,0.170,1.522,0.657,0.940
15,0.004,6.196,0.210,0.240,0.084,0.060,63.784,0.865,0.084,4394,175,60.018,0.061,1.400,0.714,0.966
16,0.002,3.603,0.219,0.171,0.057,0.047,84.670,0.905,0.058,2561,176,80.311,0.046,1.224,0.817,0.967
17,0.008,6.329,0.245,0.361,0.111,0.088,111.873,0.742,0.122,4478,143,120.399,0.091,1.268,0.789,0.924
18,6.494E-4,9.592,0.213,0.097,0.033,0.025,97.261,0.868,0.035,6823,141,106.260,0.027,1.281,0.780,0.937
19,0.014,3.936,0.283,0.491,0.156,0.111,33.238,0.706,0.171,2745,226,19.179,0.110,1.411,0.709,0.918
20,0.027,6.459,0.329,0.682,0.213,0.159,68.150,0.721,0.230,4582,315,74.776,0.172,1.340,0.746,0.917
21,0.005,0.899,0.282,0.290,0.087,0.067,97.223,0.686,0.096,634,170,95.877,0.071,1.306,0.765,0.889
22,0.004,7.306,0.293,0.246,0.079,0.056,141.873,0.727,0.090,5176,185,144.567,0.061,1.406,0.711,0.914
23,0.023,9.036,0.401,0.652,0.237,0.121,83.124,0.668,0.238,6429,372,88.305,0.127,1.950,0.513,0.936
24,0.004,5.769,0.357,0.273,0.091,0.061,29.430,0.731,0.101,4073,269,31.921,0.068,1.502,0.666,0.917
25,0.005,5.230,0.390,0.292,0.099,0.069,72.460,0.791,0.107,3713,319,73.229,0.075,1.436,0.696,0.944
26,0.008,9.769,0.429,0.363,0.124,0.082,104.133,0.765,0.128,6930,267,107.241,0.085,1.509,0.663,0.949
27,0.033,8.099,0.523,1.251,0.235,0.181,78.941,0.268,0.283,5713,471,69.044,0.214,1.300,0.769,0.796
28,0.007,0.786,0.476,0.371,0.127,0.071,132.283,0.651,0.128,519,311,151.189,0.076,1.777,0.563,0.903
29,0.007,3.781,0.478,0.346,0.110,0.084,161.815,0.762,0.112,2650,345,9.345,0.084,1.312,0.762,0.937
30,0.006,6.947,0.476,0.328,0.118,0.067,5.377,0.730,0.124,4901,339,12.458,0.069,1.761,0.568,0.940
31,0.004,6.224,0.498,0.332,0.084,0.064,144.464,0.478,0.097,4408,326,112.109,0.079,1.310,0.764,0.734
32,0.014,7.753,0.529,0.502,0.158,0.112,153.015,0.696,0.175,5476,337,142.487,0.125,1.415,0.707,0.915
33,0.004,3.988,0.492,0.276,0.091,0.061,169.861,0.719,0.096,2806,340,168.198,0.067,1.498,0.668,0.905
34,0.013,3.158,0.560,0.484,0.163,0.102,72.967,0.701,0.173,2244,456,75.399,0.101,1.591,0.629,0.932
35,0.004,7.504,0.512,0.253,0.079,0.070,177.568,0.850,0.081,5320,387,42.879,0.070,1.137,0.879,0.961
36,0.008,0.964,0.543,0.442,0.147,0.070,44.854,0.520,0.151,653,421,40.486,0.087,2.104,0.475,0.831
37,0.005,1.657,0.540,0.290,0.103,0.059,148.518,0.707,0.106,1148,368,156.501,0.065,1.747,0.572,0.918
38,0.005,0.194,0.567,0.285,0.102,0.060,88.754,0.750,0.103,134,367,101.004,0.064,1.701,0.588,0.925
39,0.012,1.986,0.576,0.420,0.126,0.119,25.957,0.839,0.133,1377,441,41.583,0.118,1.063,0.941,0.965
40,0.003,6.804,0.548,0.199,0.063,0.056,23.760,0.891,0.066,4821,397,16.113,0.058,1.121,0.892,0.957
41,0.006,4.959,0.597,0.352,0.137,0.057,77.853,0.627,0.143,3522,475,84.346,0.062,2.398,0.417,0.913
42,0.006,5.068,0.573,0.315,0.102,0.075,141.964,0.763,0.107,3579,379,138.180,0.079,1.359,0.736,0.933
43,0.029,2.656,0.688,0.930,0.259,0.142,134.490,0.421,0.272,1864,385,118.421,0.164,1.826,0.548,0.790
44,0.018,5.809,0.634,0.536,0.177,0.129,71.526,0.786,0.186,4100,511,59.184,0.132,1.373,0.728,0.957
45,0.006,8.404,0.593,0.320,0.113,0.066,166.167,0.715,0.119,5942,420,174.560,0.072,1.707,0.586,0.934
46,0.005,8.232,0.606,0.268,0.094,0.066,46.202,0.855,0.096,5831,450,39.053,0.067,1.410,0.709,0.964
47,0.015,0.829,0.664,0.511,0.176,0.111,61.096,0.737,0.183,551,523,60.092,0.114,1.592,0.628,0.943
48,0.011,6.700,0.651,0.463,0.146,0.098,144.777,0.659,0.157,4728,417,125.538,0.100,1.489,0.672,0.897
49,4.264E-4,7.813,0.605,0.077,0.024,0.023,125.202,0.894,0.026,5557,422,130.601,0.024,1.055,0.948,0.923
50,0.005,5.940,0.688,0.287,0.088,0.073,102.175,0.766,0.096,4217,456,108.699,0.076,1.216,0.822,0.917
51,2.763E-4,3.786,0.656,0.064,0.022,0.016,166.923,0.855,0.025,2686,464,166.759,0.018,1.344,0.744,0.878
52,0.004,5.325,0.694,0.241,0.071,0.066,173.391,0.806,0.080,3763,500,16.220,0.066,1.081,0.925,0.930
53,0.003,2.344,0.720,0.215,0.069,0.057,96.231,0.835,0.073,1663,488,98.915,0.060,1.213,0.824,0.935
54,0.005,6.142,0.737,0.257,0.086,0.069,152.566,0.893,0.088,4342,515,161.274,0.070,1.249,0.801,0.970
55,0.022,6.749,0.819,0.620,0.200,0.141,76.608,0.724,0.212,4800,655,81.601,0.150,1.420,0.704,0.935
56,0.017,1.354,0.830,0.925,0.167,0.131,0.024,0.254,0.216,925,519,100.871,0.173,1.277,0.783,0.648
57,0.011,6.539,0.799,0.422,0.142,0.101,53.494,0.797,0.150,4613,610,42.346,0.104,1.407,0.711,0.959
58,0.004,1.770,0.769,0.253,0.086,0.059,30.287,0.788,0.092,1229,561,33.207,0.061,1.451,0.689,0.930
59,7.422E-4,4.297,0.750,0.107,0.037,0.026,12.197,0.814,0.040,3045,541,16.504,0.026,1.413,0.708,0.931
60,0.007,3.676,0.797,0.339,0.116,0.080,129.153,0.799,0.120,2599,528,107.796,0.085,1.460,0.685,0.948
61,0.003,8.496,0.813,0.224,0.071,0.060,111.759,0.835,0.075,6040,554,120.411,0.060,1.193,0.838,0.959
62,0.001,4.808,0.790,0.137,0.053,0.026,167.710,0.736,0.056,3403,559,168.408,0.028,1.994,0.501,0.936
63,0.011,6.149,0.850,0.448,0.139,0.102,124.613,0.701,0.159,4350,556,123.830,0.109,1.364,0.733,0.935
64,0.003,0.308,0.815,0.227,0.072,0.060,26.811,0.815,0.077,191,586,24.702,0.065,1.199,0.834,0.941
65,0.006,8.884,0.847,0.335,0.124,0.061,100.366,0.669,0.124,6321,560,99.142,0.069,2.026,0.494,0.886
66,0.006,9.614,0.887,0.320,0.106,0.070,116.737,0.713,0.119,6818,595,120.500,0.077,1.530,0.653,0.924
67,0.008,1.163,0.908,0.361,0.123,0.083,142.376,0.777,0.130,797,617,140.274,0.086,1.481,0.675,0.945
68,0.008,2.639,0.946,0.423,0.149,0.070,37.362,0.575,0.148,1839,712,35.348,0.076,2.143,0.467,0.865
69,0.006,7.440,0.978,0.303,0.095,0.081,23.979,0.825,0.101,5267,718,34.796,0.085,1.176,0.850,0.945
70,0.005,2.080,0.974,0.282,0.097,0.064,14.550,0.775,0.102,1447,692,8.686,0.066,1.516,0.660,0.950
71,0.001,4.018,0.976,0.145,0.053,0.031,120.422,0.763,0.057,2850,677,114.677,0.033,1.717,0.582,0.921
72,0.016,10.949,1.067,0.770,0.185,0.110,67.667,0.339,0.204,7730,798,46.397,0.131,1.685,0.594,0.805
73,0.008,1.638,1.022,0.394,0.116,0.088,23.952,0.652,0.135,1125,762,32.699,0.098,1.324,0.756,0.890
74,0.012,2.671,1.045,0.453,0.170,0.087,26.273,0.714,0.177,1841,767,23.916,0.093,1.949,0.513,0.953
75,0.002,1.509,1.029,0.194,0.057,0.055,63.581,0.824,0.064,1057,747,41.424,0.054,1.028,0.973,0.937
76,0.004,0.799,1.060,0.254,0.079,0.060,93.531,0.724,0.092,567,788,77.661,0.064,1.324,0.755,0.927
77,0.003,10.493,1.069,0.218,0.070,0.063,143.133,0.916,0.072,7446,749,146.929,0.064,1.109,0.902,0.970
78,0.007,5.378,1.089,0.339,0.112,0.082,137.579,0.792,0.114,3792,756,142.001,0.086,1.359,0.736,0.936
79,0.029,8.664,1.166,0.735,0.221,0.168,106.156,0.680,0.233,6144,742,103.952,0.181,1.313,0.762,0.916
80,0.006,2.754,1.103,0.301,0.088,0.081,16.828,0.778,0.094,1944,819,72.646,0.084,1.096,0.913,0.941
81,0.026,4.462,1.195,0.832,0.248,0.134,62.091,0.475,0.281,3145,950,67.667,0.158,1.843,0.543,0.853
82,0.012,8.292,1.150,0.498,0.139,0.108,108.146,0.600,0.160,5876,766,119.495,0.122,1.288,0.776,0.853
83,0.001,7.971,1.140,0.132,0.050,0.030,78.290,0.849,0.050,5667,828,72.072,0.030,1.663,0.601,0.956
84,0.006,10.529,1.182,0.296,0.094,0.075,71.327,0.797,0.098,7476,869,49.667,0.079,1.255,0.797,0.946
85,0.026,1.497,1.226,0.690,0.235,0.142,163.559,0.692,0.245,983,849,163.332,0.154,1.658,0.603,0.933
86,0.003,5.880,1.191,0.230,0.072,0.062,137.467,0.818,0.079,4173,823,124.824,0.064,1.162,0.860,0.939
87,0.025,5.220,1.257,0.687,0.203,0.157,37.819,0.668,0.218,3665,953,37.681,0.167,1.293,0.773,0.916
88,0.022,4.905,1.288,0.676,0.208,0.136,124.721,0.613,0.239,3443,839,117.618,0.146,1.527,0.655,0.869
89,3.652E-4,7.179,1.205,0.072,0.026,0.018,128.016,0.878,0.028,5104,849,122.905,0.020,1.421,0.704,0.937
90,0.006,3.019,1.243,0.299,0.094,0.077,126.625,0.799,0.101,2121,860,128.784,0.078,1.212,0.825,0.936
91,0.003,3.436,1.250,0.207,0.065,0.059,48.252,0.880,0.067,2431,909,58.627,0.058,1.105,0.905,0.963
92,0.047,6.763,1.448,1.063,0.385,0.155,101.347,0.521,0.425,4773,889,105.737,0.173,2.479,0.403,0.908
93,0.015,0.110,1.371,0.619,0.194,0.096,121.790,0.480,0.207,39,903,111.873,0.122,2.032,0.492,0.812
94,0.005,0.327,1.342,0.266,0.089,0.068,111.106,0.842,0.092,225,923,105.945,0.072,1.314,0.761,0.953
95,0.012,10.885,1.372,0.519,0.174,0.086,22.408,0.549,0.178,7683,998,21.718,0.097,2.016,0.496,0.885
96,0.012,7.010,1.391,0.434,0.152,0.096,44.691,0.769,0.158,4949,1025,39.936,0.102,1.580,0.633,0.955
97,0.011,8.919,1.425,0.426,0.156,0.087,42.087,0.733,0.159,6302,1049,35.655,0.088,1.795,0.557,0.944
98,0.008,7.684,1.415,0.356,0.121,0.080,151.901,0.748,0.130,5427,988,157.855,0.082,1.509,0.663,0.925
99,0.003,1.298,1.409,0.210,0.069,0.058,3.494,0.892,0.070,901,1013,15.154,0.059,1.178,0.849,0.961
100,0.066,9.340,1.564,1.442,0.329,0.254,149.340,0.397,0.396,6545,1022,160.729,0.285,1.298,0.770,0.789
101,5.033E-4,5.806,1.425,0.097,0.037,0.017,64.614,0.668,0.039,4130,1029,70.907,0.019,2.136,0.468,0.856
102,0.013,0.948,1.493,0.514,0.162,0.106,117.267,0.641,0.165,638,1013,110.898,0.111,1.522,0.657,0.905
103,0.021,3.546,1.544,0.643,0.185,0.144,25.978,0.638,0.207,2453,1121,18.558,0.157,1.283,0.779,0.886
104,0.026,0.769,1.556,0.773,0.191,0.171,23.950,0.537,0.235,446,1102,168.288,0.183,1.116,0.896,0.851
105,0.017,0.282,1.547,0.539,0.180,0.118,29.822,0.722,0.192,145,1139,30.317,0.130,1.526,0.655,0.933
106,0.014,5.792,1.556,0.526,0.170,0.107,39.201,0.648,0.193,4082,1157,48.540,0.116,1.595,0.627,0.899
107,0.007,3.390,1.547,0.331,0.118,0.075,128.232,0.793,0.124,2394,1060,113.369,0.075,1.580,0.633,0.955
108,0.010,8.187,1.581,0.463,0.160,0.078,130.662,0.576,0.163,5777,1089,131.511,0.082,2.048,0.488,0.875
109,0.019,5.629,1.603,0.583,0.211,0.117,135.313,0.719,0.221,3947,1083,136.032,0.126,1.794,0.557,0.948
110,0.005,4.231,1.601,0.303,0.102,0.056,36.289,0.616,0.111,2990,1173,51.680,0.060,1.802,0.555,0.876
111,0.003,2.691,1.600,0.202,0.064,0.060,136.835,0.913,0.066,1895,1128,156.161,0.061,1.065,0.939,0.966
112,0.012,5.043,1.662,0.471,0.152,0.102,83.770,0.691,0.166,3575,1240,82.213,0.114,1.483,0.674,0.923
113,0.037,1.763,1.752,1.325,0.294,0.158,47.007,0.262,0.358,1155,1325,46.273,0.218,1.859,0.538,0.716
114,0.055,5.878,1.773,1.455,0.290,0.239,61.091,0.324,0.390,4030,1324,21.112,0.291,1.212,0.825,0.704
115,0.003,3.278,1.629,0.227,0.071,0.058,139.878,0.782,0.077,2310,1144,150.642,0.062,1.229,0.813,0.931
116,0.023,8.764,1.690,0.656,0.214,0.137,151.932,0.672,0.226,6170,1170,148.975,0.145,1.564,0.639,0.929
117,0.008,9.962,1.672,0.350,0.106,0.095,3.528,0.807,0.115,7047,1190,168.003,0.099,1.112,0.899,0.947
118,0.005,9.622,1.686,0.292,0.084,0.078,86.807,0.759,0.092,6820,1214,24.228,0.080,1.071,0.933,0.920
119,0.001,10.166,1.688,0.143,0.051,0.036,107.468,0.878,0.052,7229,1184,108.925,0.037,1.431,0.699,0.956
120,0.031,3.791,1.760,0.729,0.235,0.166,18.460,0.725,0.240,2614,1279,15.992,0.181,1.415,0.707,0.942
121,0.023,3.266,1.793,0.702,0.207,0.141,127.447,0.583,0.229,2260,1225,130.525,0.156,1.470,0.680,0.887
122,0.004,6.794,1.773,0.271,0.109,0.043,101.328,0.627,0.110,4828,1223,104.744,0.046,2.539,0.394,0.930
123,0.006,5.627,1.773,0.311,0.112,0.065,66.781,0.742,0.113,3998,1304,74.932,0.069,1.715,0.583,0.921
124,0.056,9.837,1.895,1.107,0.420,0.171,50.101,0.578,0.427,6916,1470,50.870,0.181,2.464,0.406,0.910
125,0.003,6.521,1.772,0.245,0.075,0.057,30.073,0.710,0.085,4613,1265,15.422,0.062,1.315,0.761,0.901
126,0.039,0.400,1.883,0.863,0.243,0.207,121.471,0.665,0.277,244,1245,118.773,0.218,1.174,0.852,0.906
127,0.004,10.168,1.837,0.262,0.078,0.059,34.520,0.659,0.087,7212,1319,34.461,0.065,1.318,0.759,0.843
128,0.020,10.357,1.875,0.609,0.181,0.141,12.196,0.682,0.197,7306,1350,12.352,0.157,1.284,0.779,0.900
129,0.006,1.971,1.846,0.314,0.105,0.073,2.847,0.764,0.107,1367,1306,170.910,0.074,1.444,0.693,0.937
130,0.047,2.496,1.981,1.044,0.345,0.173,59.979,0.540,0.385,1692,1513,54.511,0.194,1.999,0.500,0.905
131,0.013,5.473,1.913,0.457,0.161,0.100,103.892,0.765,0.163,3892,1303,108.122,0.102,1.611,0.621,0.962
132,0.011,8.145,1.885,0.441,0.147,0.095,169.338,0.705,0.150,5745,1327,171.946,0.102,1.547,0.646,0.906
133,0.005,5.280,1.879,0.302,0.097,0.069,1.506,0.726,0.103,3722,1335,9.462,0.079,1.397,0.716,0.913
134,2.092E-4,1.159,1.851,0.051,0.018,0.015,149.187,0.993,0.020,819,1314,149.744,0.015,1.231,0.812,0.934
135,0.007,2.770,1.895,0.333,0.104,0.084,46.398,0.780,0.112,1942,1374,34.287,0.089,1.227,0.815,0.923
136,0.005,9.646,1.892,0.281,0.082,0.077,110.079,0.787,0.090,6853,1377,64.231,0.076,1.069,0.935,0.927
137,0.033,1.063,2.022,1.302,0.304,0.140,71.604,0.247,0.333,685,1529,58.995,0.198,2.177,0.459,0.672
138,0.037,2.092,1.970,1.235,0.253,0.186,23.797,0.304,0.276,1418,1468,34.824,0.218,1.363,0.734,0.840
139,0.024,6.644,1.962,0.636,0.198,0.154,19.093,0.741,0.223,4644,1402,16.492,0.158,1.286,0.777,0.955
140,0.050,3.705,2.107,1.582,0.295,0.218,46.075,0.254,0.371,2522,1600,41.778,0.283,1.357,0.737,0.730
141,0.036,3.207,2.033,0.908,0.365,0.126,33.838,0.552,0.363,2171,1509,33.321,0.136,2.892,0.346,0.923
142,0.031,1.335,2.042,0.738,0.253,0.154,47.178,0.708,0.256,889,1520,50.799,0.161,1.642,0.609,0.929
143,0.003,9.494,1.988,0.245,0.071,0.060,113.759,0.702,0.080,6761,1445,80.870,0.066,1.179,0.848,0.884
144,0.004,1.882,2.005,0.263,0.089,0.056,73.512,0.705,0.096,1326,1462,69.444,0.058,1.601,0.624,0.921
145,0.004,9.423,2.007,0.257,0.074,0.069,20.346,0.768,0.082,6681,1418,163.113,0.071,1.068,0.937,0.917
146,0.011,0.323,2.040,0.437,0.145,0.097,3.758,0.724,0.148,176,1441,160.530,0.104,1.493,0.670,0.923
147,0.013,9.250,2.056,0.459,0.164,0.101,127.488,0.776,0.171,6546,1417,124.992,0.109,1.630,0.613,0.959
148,0.031,10.898,2.073,0.771,0.294,0.135,159.845,0.657,0.305,7648,1451,166.669,0.140,2.184,0.458,0.938
149,0.004,4.137,2.039,0.287,0.088,0.060,131.353,0.630,0.095,2922,1428,127.208,0.070,1.464,0.683,0.864
150,0.022,10.600,2.106,0.685,0.209,0.131,38.580,0.576,0.233,7506,1565,55.545,0.138,1.588,0.630,0.875
151,0.006,8.007,2.057,0.314,0.107,0.072,172.308,0.775,0.113,5659,1464,4.289,0.075,1.475,0.678,0.943
152,2.981E-4,7.162,2.051,0.064,0.020,0.019,48.453,0.909,0.022,5095,1467,63.435,0.020,1.083,0.923,0.915
153,0.011,2.854,2.135,0.438,0.144,0.098,129.227,0.723,0.152,2007,1467,114.664,0.106,1.466,0.682,0.936
154,0.010,1.936,2.130,0.417,0.125,0.106,96.153,0.749,0.140,1380,1567,84.232,0.108,1.184,0.844,0.922
155,0.004,2.238,2.106,0.272,0.091,0.059,86.094,0.720,0.096,1584,1534,70.233,0.061,1.528,0.655,0.912
156,0.002,5.398,2.084,0.194,0.063,0.044,166.934,0.733,0.072,3817,1474,160.498,0.048,1.430,0.699,0.901
157,0.011,0.792,2.135,0.455,0.154,0.094,50.070,0.691,0.168,524,1574,45.339,0.106,1.637,0.611,0.920
158,2.803E-4,6.644,2.081,0.063,0.024,0.015,96.553,0.886,0.025,4727,1473,106.390,0.015,1.610,0.621,0.922
159,0.003,6.831,2.109,0.262,0.093,0.046,141.356,0.619,0.095,4832,1483,145.840,0.053,2.015,0.496,0.839
160,0.005,5.499,2.127,0.275,0.082,0.075,43.174,0.801,0.087,3893,1538,56.821,0.075,1.101,0.908,0.930
161,0.007,8.519,2.136,0.322,0.104,0.080,31.757,0.789,0.116,6026,1536,19.747,0.083,1.298,0.770,0.945
162,0.005,8.640,2.157,0.278,0.090,0.066,105.762,0.758,0.091,6145,1501,99.752,0.071,1.359,0.736,0.914
163,0.030,0.590,2.247,1.156,0.296,0.127,85.580,0.279,0.394,380,1776,75.319,0.173,2.329,0.429,0.651
164,0.040,9.146,2.244,0.892,0.315,0.161,56.010,0.628,0.332,6433,1691,48.427,0.175,1.959,0.510,0.943
165,0.001,5.152,2.146,0.130,0.043,0.032,16.273,0.800,0.047,3650,1535,15.709,0.034,1.322,0.757,0.922
166,0.004,9.030,2.166,0.269,0.086,0.066,11.630,0.774,0.094,6397,1555,19.250,0.072,1.289,0.776,0.924
167,0.004,5.331,2.175,0.230,0.070,0.067,52.944,0.867,0.072,3779,1569,51.340,0.068,1.050,0.953,0.958
168,0.027,6.368,2.246,0.708,0.244,0.142,179.329,0.685,0.265,4439,1613,6.710,0.145,1.714,0.583,0.932
169,2.487E-4,1.989,2.192,0.058,0.020,0.016,33.200,0.937,0.020,1409,1563,15.945,0.017,1.207,0.828,0.906
170,0.006,9.488,2.224,0.329,0.118,0.070,6.900,0.752,0.125,6709,1589,8.403,0.074,1.696,0.590,0.934
171,0.019,3.910,2.284,0.589,0.157,0.154,90.149,0.687,0.176,2763,1570,119.632,0.159,1.024,0.977,0.920
172,0.052,4.523,2.328,0.987,0.298,0.223,36.534,0.673,0.322,3161,1765,51.379,0.233,1.337,0.748,0.919
173,0.027,1.599,2.296,0.838,0.218,0.159,148.797,0.487,0.223,1056,1616,172.023,0.173,1.370,0.730,0.904
174,0.007,8.824,2.311,0.339,0.102,0.087,166.588,0.767,0.109,6243,1636,172.600,0.091,1.170,0.855,0.925
175,0.004,6.923,2.320,0.255,0.078,0.065,172.026,0.764,0.085,4898,1645,166.651,0.068,1.202,0.832,0.911
176,0.004,2.677,2.326,0.237,0.079,0.063,98.046,0.880,0.080,1894,1630,113.860,0.063,1.265,0.790,0.967
177,0.014,7.812,2.382,0.483,0.154,0.119,40.774,0.775,0.166,5521,1734,40.549,0.129,1.294,0.773,0.940
178,0.024,6.712,2.411,0.627,0.203,0.149,134.305,0.758,0.210,4742,1648,114.507,0.155,1.370,0.730,0.943
179,0.018,0.777,2.405,0.566,0.190,0.120,119.852,0.705,0.193,510,1657,120.677,0.124,1.581,0.632,0.918
180,0.004,5.693,2.376,0.282,0.088,0.061,87.086,0.674,0.102,4041,1723,77.300,0.069,1.437,0.696,0.888
181,0.018,2.157,2.424,0.589,0.207,0.112,113.254,0.656,0.204,1533,1653,105.566,0.117,1.853,0.540,0.917
182,0.006,10.124,2.361,0.289,0.086,0.083,15.934,0.839,0.092,7189,1708,53.653,0.081,1.043,0.959,0.960
183,0.004,2.789,2.372,0.253,0.093,0.053,53.834,0.761,0.094,1967,1715,53.471,0.058,1.751,0.571,0.927
184,0.037,2.475,2.459,0.964,0.270,0.174,156.790,0.500,0.295,1661,1755,172.875,0.207,1.552,0.644,0.849
185,0.004,3.041,2.372,0.270,0.094,0.059,179.767,0.750,0.100,2136,1673,162.838,0.062,1.578,0.634,0.945
186,0.011,10.811,2.411,0.411,0.128,0.107,42.852,0.803,0.136,7664,1755,60.255,0.109,1.193,0.838,0.946
187,2.211E-4,1.792,2.387,0.053,0.017,0.016,33.737,0.973,0.019,1269,1702,26.565,0.017,1.062,0.941,0.929
188,5.744E-4,5.332,2.406,0.096,0.028,0.026,177.611,0.781,0.032,3786,1706,162.350,0.028,1.110,0.901,0.894
189,0.004,9.664,2.425,0.250,0.080,0.064,172.436,0.813,0.086,6849,1715,158.895,0.065,1.242,0.805,0.940
190,0.041,10.540,2.566,1.109,0.304,0.172,59.375,0.420,0.323,7450,1915,59.977,0.201,1.760,0.568,0.847
191,0.009,9.751,2.502,0.375,0.124,0.092,145.067,0.804,0.129,6919,1743,130.126,0.100,1.347,0.742,0.955
192,2.605E-4,7.248,2.465,0.058,0.020,0.017,63.534,0.965,0.021,5153,1760,36.870,0.017,1.183,0.845,0.936
193,2.605E-4,9.282,2.518,0.060,0.021,0.016,70.478,0.913,0.022,6602,1798,50.194,0.017,1.293,0.774,0.917
194,0.007,4.133,2.564,0.381,0.113,0.084,140.542,0.646,0.125,2927,1787,111.084,0.087,1.351,0.740,0.876
195,0.013,10.338,2.589,0.456,0.141,0.118,162.516,0.786,0.148,7330,1801,126.107,0.120,1.196,0.836,0.943
196,0.009,6.418,2.582,0.388,0.125,0.092,159.344,0.756,0.128,4527,1821,165.353,0.095,1.351,0.740,0.929
197,0.016,7.259,2.607,0.515,0.161,0.125,9.675,0.748,0.173,5111,1880,7.009,0.128,1.293,0.773,0.944
198,0.005,8.918,2.581,0.284,0.090,0.067,154.893,0.737,0.099,6316,1831,159.254,0.073,1.339,0.747,0.921
199,0.005,0.208,2.627,0.285,0.097,0.069,56.622,0.808,0.103,126,1899,47.203,0.072,1.409,0.710,0.952
200,0.005,1.101,2.624,0.273,0.091,0.063,31.164,0.767,0.100,754,1888,34.136,0.068,1.441,0.694,0.935
201,0.014,2.507,2.676,0.464,0.133,0.131,155.280,0.795,0.143,1747,1868,138.180,0.133,1.017,0.983,0.950
202,0.007,8.364,2.651,0.335,0.115,0.075,174.572,0.757,0.121,5909,1890,174.685,0.077,1.545,0.647,0.934
203,0.005,2.933,2.646,0.292,0.105,0.060,173.815,0.728,0.110,2050,1888,2.936,0.063,1.758,0.569,0.936
204,3.020E-4,1.797,2.626,0.075,0.026,0.015,4.533,0.675,0.029,1270,1868,165.964,0.017,1.715,0.583,0.825
205,0.005,3.452,2.672,0.274,0.096,0.065,61.670,0.818,0.095,2444,1934,58.891,0.065,1.473,0.679,0.949
206,0.014,7.967,2.714,0.472,0.149,0.118,20.142,0.778,0.158,5617,1953,21.991,0.124,1.264,0.791,0.940
207,0.004,3.552,2.699,0.251,0.078,0.064,133.998,0.781,0.087,2508,1894,140.906,0.066,1.215,0.823,0.948
208,0.006,0.461,2.732,0.338,0.130,0.057,108.145,0.641,0.127,305,1903,121.399,0.058,2.288,0.437,0.930
209,0.010,6.579,2.759,0.573,0.198,0.066,132.560,0.393,0.201,4624,1928,140.400,0.074,2.997,0.334,0.824
210,0.012,7.073,2.763,0.555,0.147,0.105,8.598,0.496,0.168,4979,1983,15.550,0.115,1.392,0.718,0.877
211,0.041,3.399,2.840,1.301,0.292,0.180,165.387,0.307,0.315,2304,2051,17.628,0.218,1.618,0.618,0.748
212,0.005,6.272,2.752,0.287,0.089,0.075,166.488,0.800,0.097,4430,1942,164.962,0.079,1.186,0.843,0.941
213,0.009,10.015,2.772,0.372,0.110,0.103,49.761,0.805,0.121,7098,2002,46.878,0.106,1.066,0.938,0.940
214,0.027,1.705,2.810,0.683,0.228,0.150,166.546,0.724,0.243,1134,1986,175.016,0.157,1.525,0.656,0.940
215,2.625E-4,6.007,2.742,0.059,0.021,0.016,132.206,0.950,0.022,4272,1945,116.565,0.016,1.375,0.727,0.917
216,0.022,9.846,2.857,0.611,0.196,0.141,27.255,0.735,0.206,6941,2058,15.461,0.141,1.387,0.721,0.928
217,0.021,0.944,2.848,0.886,0.197,0.133,162.706,0.330,0.239,599,1979,149.671,0.151,1.484,0.674,0.782
218,0.011,2.297,2.832,0.419,0.134,0.107,149.242,0.805,0.140,1603,1977,128.480,0.109,1.248,0.801,0.950
219,0.006,3.901,2.846,0.329,0.112,0.063,125.091,0.644,0.121,2748,1989,137.816,0.074,1.766,0.566,0.909
220,0.006,0.451,2.833,0.342,0.129,0.061,178.675,0.663,0.132,279,2025,6.746,0.069,2.125,0.471,0.921
221,0.025,9.475,2.971,0.844,0.277,0.113,105.572,0.433,0.294,6703,2017,109.819,0.138,2.447,0.409,0.807
222,0.004,10.591,2.875,0.241,0.082,0.059,23.530,0.822,0.082,7512,2059,36.674,0.061,1.373,0.728,0.955
223,0.004,6.037,2.899,0.232,0.077,0.058,33.507,0.823,0.078,4276,2081,39.144,0.060,1.317,0.759,0.947
224,2.566E-4,1.978,2.885,0.063,0.023,0.014,78.160,0.803,0.025,1405,2062,73.610,0.015,1.632,0.613,0.884
225,0.018,1.779,2.951,0.537,0.168,0.135,25.883,0.776,0.186,1201,2108,12.670,0.144,1.241,0.806,0.943
226,2.211E-4,10.341,2.891,0.054,0.019,0.015,168.519,0.960,0.020,7353,2057,167.905,0.015,1.220,0.819,0.914
227,0.006,7.028,2.963,0.313,0.102,0.074,98.759,0.756,0.111,4990,2069,106.144,0.082,1.385,0.722,0.923
228,0.036,7.592,3.018,0.804,0.232,0.198,140.107,0.702,0.254,5314,2115,140.154,0.209,1.174,0.852,0.928
229,0.012,1.274,2.977,0.474,0.156,0.101,154.124,0.691,0.169,852,2094,147.894,0.110,1.554,0.644,0.924
230,2.191E-4,3.518,2.935,0.055,0.019,0.015,178.733,0.923,0.020,2496,2088,167.905,0.015,1.269,0.788,0.914
231,0.167,9.066,3.436,5.140,0.550,0.388,100.732,0.080,0.836,6397,2106,119.840,0.607,1.418,0.705,0.487
232,0.007,4.240,2.980,0.363,0.113,0.077,156.889,0.654,0.133,2979,2097,141.435,0.081,1.464,0.683,0.895
233,0.029,10.928,3.023,0.758,0.264,0.141,179.079,0.637,0.279,7678,2156,3.180,0.160,1.874,0.534,0.907
234,6.356E-4,3.984,2.972,0.098,0.033,0.024,90.936,0.835,0.036,2834,2102,101.310,0.025,1.352,0.739,0.933
235,0.003,6.048,3.016,0.229,0.072,0.058,117.196,0.784,0.075,4287,2130,138.814,0.061,1.230,0.813,0.942
236,0.030,4.652,3.110,0.813,0.230,0.168,168.377,0.579,0.264,3219,2230,177.868,0.174,1.371,0.729,0.914
237,0.002,10.343,3.034,0.167,0.059,0.033,120.376,0.678,0.061,7346,2142,126.607,0.037,1.809,0.553,0.858
238,0.004,2.351,3.046,0.253,0.089,0.059,153.007,0.810,0.089,1642,2158,168.158,0.060,1.511,0.662,0.951
239,3.810E-4,4.090,3.065,0.099,0.036,0.013,88.720,0.492,0.037,2910,2196,81.254,0.015,2.728,0.367,0.748
240,0.005,8.801,3.079,0.307,0.108,0.061,171.691,0.696,0.110,6225,2186,174.144,0.065,1.766,0.566,0.930
241,0.006,0.847,3.106,0.307,0.103,0.071,20.780,0.765,0.104,574,2235,35.628,0.076,1.446,0.692,0.920
242,0.010,4.408,3.123,0.400,0.126,0.105,150.526,0.814,0.141,3098,2192,148.841,0.111,1.208,0.828,0.960
243,0.012,11.088,3.164,0.438,0.155,0.098,117.543,0.776,0.160,7863,2198,119.932,0.100,1.587,0.630,0.954
244,3.553E-4,1.454,3.101,0.069,0.023,0.020,51.431,0.925,0.025,1029,2214,47.291,0.021,1.124,0.889,0.930
245,0.011,1.948,3.161,0.417,0.138,0.097,79.109,0.764,0.141,1376,2204,99.744,0.101,1.423,0.703,0.941
246,0.028,10.345,3.202,1.226,0.287,0.126,27.574,0.237,0.335,7278,2334,28.284,0.160,2.284,0.438,0.705
247,0.002,10.175,3.139,0.175,0.061,0.043,122.000,0.834,0.062,7236,2215,112.521,0.044,1.416,0.706,0.949
248,0.014,9.844,3.217,0.541,0.163,0.113,134.079,0.620,0.176,6962,2234,136.618,0.124,1.446,0.691,0.902
249,0.004,2.285,3.196,0.257,0.090,0.059,86.291,0.788,0.097,1620,2241,98.366,0.063,1.516,0.659,0.936
250,0.008,7.857,3.223,0.398,0.133,0.081,71.155,0.667,0.144,5568,2339,65.186,0.089,1.651,0.606,0.916
251,0.013,10.173,3.263,0.704,0.223,0.072,106.085,0.321,0.224,7203,2250,109.460,0.082,3.086,0.324,0.865
252,0.081,10.866,3.343,1.587,0.362,0.285,9.895,0.403,0.403,7605,2434,30.861,0.350,1.270,0.787,0.784
253,0.018,7.375,3.245,0.549,0.170,0.133,10.113,0.742,0.183,5187,2301,172.057,0.140,1.272,0.786,0.919
254,0.048,8.080,3.295,0.956,0.292,0.211,28.681,0.663,0.329,5635,2401,15.878,0.225,1.385,0.722,0.916
255,0.011,0.753,3.229,0.446,0.163,0.083,165.095,0.671,0.165,479,2285,165.727,0.086,1.955,0.511,0.936
256,0.003,4.376,3.210,0.222,0.076,0.055,24.179,0.831,0.078,3092,2300,31.675,0.057,1.371,0.729,0.957
257,0.005,10.500,3.231,0.285,0.100,0.059,95.156,0.719,0.100,7459,2266,104.621,0.061,1.704,0.587,0.921
258,0.035,7.593,3.299,1.045,0.270,0.164,27.793,0.401,0.298,5355,2432,43.091,0.193,1.644,0.608,0.766
259,0.008,2.387,3.257,0.351,0.115,0.086,154.771,0.791,0.124,1661,2300,149.370,0.088,1.333,0.750,0.944
260,0.014,9.281,3.294,0.516,0.161,0.114,86.173,0.681,0.172,6589,2282,98.461,0.120,1.416,0.706,0.911
261,0.004,5.449,3.271,0.243,0.074,0.062,127.316,0.774,0.082,3867,2304,109.983,0.064,1.193,0.838,0.903
262,0.016,5.581,3.340,0.526,0.176,0.119,96.491,0.745,0.178,3955,2313,109.867,0.121,1.477,0.677,0.944
263,0.004,2.716,3.306,0.233,0.078,0.058,128.884,0.825,0.083,1914,2333,132.930,0.062,1.350,0.741,0.948
264,0.033,0.518,3.407,1.271,0.302,0.141,158.836,0.260,0.310,271,2390,159.839,0.195,2.141,0.467,0.683
265,0.023,4.127,3.363,0.653,0.222,0.134,16.180,0.691,0.229,2858,2428,15.317,0.146,1.659,0.603,0.926
266,0.004,9.949,3.332,0.252,0.075,0.063,118.183,0.735,0.084,7065,2344,137.726,0.065,1.190,0.840,0.912
267,0.017,4.562,3.417,0.660,0.246,0.087,138.413,0.482,0.273,3164,2370,146.964,0.093,2.843,0.352,0.862
268,0.017,0.863,3.410,0.845,0.216,0.099,156.603,0.295,0.238,565,2375,139.545,0.122,2.176,0.459,0.738
269,0.006,5.435,3.391,0.315,0.102,0.071,46.220,0.718,0.101,3859,2449,68.051,0.075,1.442,0.693,0.917
270,0.003,8.773,3.395,0.208,0.068,0.058,68.880,0.894,0.069,6228,2435,50.793,0.059,1.162,0.861,0.966
271,0.005,4.756,3.414,0.273,0.091,0.065,3.653,0.781,0.099,3352,2427,175.914,0.068,1.408,0.710,0.933
272,0.017,4.281,3.473,0.614,0.180,0.117,163.372,0.554,0.200,2966,2461,175.570,0.130,1.534,0.652,0.861
273,1.994E-4,5.413,3.472,0.051,0.017,0.015,82.779,0.964,0.019,3851,2465,102.995,0.015,1.173,0.853,0.906
274,1.915E-4,6.903,3.475,0.050,0.017,0.015,156.800,0.970,0.018,4908,2470,157.380,0.015,1.151,0.869,0.911
275,0.010,0.238,3.538,0.397,0.128,0.098,94.368,0.780,0.135,166,2566,87.019,0.100,1.310,0.763,0.937
276,0.002,9.594,3.509,0.196,0.061,0.046,145.060,0.719,0.065,6809,2488,158.429,0.054,1.340,0.747,0.879
277,0.006,3.922,3.538,0.333,0.098,0.081,107.228,0.700,0.109,2776,2477,105.642,0.084,1.211,0.825,0.907
278,0.005,6.956,3.530,0.314,0.092,0.076,179.604,0.694,0.103,4909,2519,7.028,0.081,1.208,0.828,0.909
279,0.039,6.091,3.585,0.828,0.279,0.177,176.167,0.713,0.294,4230,2529,175.895,0.183,1.574,0.635,0.949
280,0.009,2.149,3.569,0.438,0.132,0.090,61.179,0.608,0.150,1509,2596,76.483,0.104,1.465,0.683,0.858
281,0.005,8.207,3.550,0.277,0.081,0.077,46.812,0.806,0.087,5821,2549,49.600,0.079,1.042,0.959,0.937
282,0.008,1.513,3.576,0.498,0.124,0.079,58.019,0.391,0.127,1047,2582,55.784,0.094,1.577,0.634,0.801
283,0.009,1.119,3.580,0.418,0.158,0.075,20.671,0.669,0.162,748,2577,31.900,0.080,2.124,0.471,0.934
284,6.316E-4,6.745,3.545,0.100,0.031,0.026,24.406,0.797,0.034,4791,2528,33.024,0.029,1.174,0.852,0.908
285,0.007,10.744,3.586,0.365,0.096,0.090,8.523,0.638,0.108,7608,2561,177.769,0.096,1.072,0.933,0.881
286,0.006,7.452,3.605,0.310,0.094,0.085,88.646,0.820,0.103,5294,2529,104.982,0.087,1.104,0.905,0.937
287,0.013,7.346,3.620,0.458,0.149,0.107,31.912,0.752,0.156,5187,2611,46.824,0.114,1.392,0.718,0.939
288,0.006,7.864,3.654,0.324,0.096,0.086,166.211,0.775,0.106,5557,2600,162.284,0.087,1.122,0.891,0.938
289,0.006,4.821,3.665,0.303,0.095,0.074,109.930,0.756,0.103,3417,2578,114.121,0.078,1.281,0.781,0.922
290,0.004,10.427,3.668,0.259,0.086,0.062,121.968,0.782,0.093,7402,2583,128.254,0.066,1.406,0.711,0.933
291,0.007,2.953,3.694,0.376,0.138,0.068,38.984,0.650,0.139,2065,2659,41.730,0.075,2.040,0.490,0.891
292,0.012,4.991,3.746,0.531,0.188,0.082,89.757,0.539,0.204,3547,2737,85.662,0.092,2.300,0.435,0.853
293,0.015,10.180,3.724,0.491,0.154,0.121,92.081,0.764,0.164,7248,2595,97.368,0.123,1.273,0.785,0.947
294,0.027,10.968,3.738,0.729,0.222,0.154,28.885,0.637,0.247,7732,2708,29.624,0.170,1.440,0.694,0.908
295,3.119E-4,9.429,3.675,0.066,0.023,0.017,20.213,0.895,0.025,6704,2620,23.629,0.019,1.316,0.760,0.908
296,0.011,8.273,3.743,0.463,0.125,0.117,63.558,0.671,0.142,5861,2706,66.727,0.118,1.068,0.936,0.886
297,0.019,8.071,3.769,0.605,0.199,0.122,35.055,0.654,0.213,5686,2733,30.446,0.139,1.623,0.616,0.895
298,0.013,6.829,3.764,0.483,0.163,0.102,13.751,0.708,0.165,4803,2695,18.898,0.111,1.595,0.627,0.912
299,0.005,2.355,3.781,0.293,0.095,0.073,76.076,0.794,0.097,1666,2725,58.610,0.077,1.294,0.773,0.940
300,0.007,1.574,3.798,0.351,0.115,0.083,100.648,0.761,0.120,1112,2660,107.796,0.085,1.389,0.720,0.931
301,2.132E-4,6.091,3.769,0.053,0.018,0.015,100.244,0.967,0.020,4333,2677,111.038,0.015,1.163,0.860,0.923
302,0.004,9.999,3.806,0.276,0.093,0.061,16.678,0.737,0.096,7090,2728,36.027,0.064,1.529,0.654,0.932
303,0.004,8.168,3.842,0.298,0.119,0.045,69.383,0.598,0.118,5796,2777,65.273,0.052,2.638,0.379,0.906
304,0.008,4.583,3.840,0.388,0.132,0.080,11.716,0.695,0.142,3215,2749,16.645,0.084,1.653,0.605,0.921
305,0.012,5.948,3.888,0.456,0.154,0.095,24.844,0.695,0.156,4182,2789,17.784,0.099,1.622,0.617,0.913
306,0.006,2.402,3.892,0.318,0.113,0.065,47.672,0.719,0.117,1679,2801,43.059,0.075,1.725,0.580,0.912
307,0.003,4.902,3.890,0.209,0.068,0.054,101.124,0.838,0.072,3473,2748,124.624,0.055,1.260,0.794,0.950
308,0.015,7.422,3.943,0.605,0.150,0.124,128.724,0.505,0.170,5230,2830,8.531,0.138,1.207,0.829,0.832
309,0.005,9.161,3.909,0.287,0.094,0.062,108.933,0.698,0.102,6510,2749,110.925,0.068,1.519,0.658,0.893
310,0.006,9.913,3.913,0.322,0.108,0.072,156.637,0.747,0.110,7027,2760,143.276,0.076,1.499,0.667,0.932
311,2.684E-4,4.305,3.900,0.061,0.021,0.016,41.745,0.919,0.022,3058,2780,34.695,0.017,1.338,0.748,0.910
312,0.068,0.928,4.119,1.826,0.312,0.277,82.614,0.255,0.387,554,3005,27.681,0.308,1.124,0.889,0.740
313,0.010,5.899,3.996,0.409,0.148,0.085,146.519,0.744,0.150,4163,2809,137.654,0.089,1.729,0.578,0.946
314,0.004,8.968,3.983,0.248,0.083,0.064,84.292,0.847,0.087,6374,2863,76.866,0.066,1.298,0.771,0.955
315,0.005,10.748,3.992,0.291,0.091,0.075,12.514,0.792,0.096,7618,2836,162.897,0.075,1.208,0.828,0.941
316,0.003,4.914,3.981,0.202,0.066,0.050,151.474,0.806,0.071,3474,2822,142.224,0.053,1.312,0.762,0.942
317,0.005,5.095,3.994,0.269,0.083,0.072,32.106,0.821,0.088,3601,2861,38.517,0.074,1.154,0.866,0.955
318,0.007,6.393,4.015,0.350,0.125,0.070,127.184,0.703,0.128,4522,2825,125.611,0.076,1.781,0.561,0.913
319,0.008,9.974,4.007,0.367,0.125,0.086,155.286,0.792,0.133,7055,2831,158.311,0.093,1.452,0.689,0.955
320,0.005,5.690,4.042,0.275,0.089,0.065,47.308,0.752,0.098,4023,2898,36.209,0.068,1.360,0.735,0.908
321,0.019,7.525,4.108,0.659,0.210,0.118,118.269,0.561,0.216,5348,2848,103.134,0.124,1.775,0.563,0.874
322,0.060,7.139,4.184,1.335,0.287,0.266,132.592,0.421,0.342,5009,2857,120.358,0.286,1.079,0.927,0.837
323,0.094,9.432,4.178,1.796,0.359,0.335,21.155,0.368,0.427,6569,2983,15.272,0.358,1.071,0.933,0.869
324,0.020,10.650,4.146,0.658,0.246,0.104,43.717,0.586,0.258,7505,3003,36.371,0.117,2.357,0.424,0.908
325,0.044,8.399,4.211,0.925,0.288,0.196,141.985,0.651,0.306,5900,2924,136.860,0.214,1.471,0.680,0.912
326,0.021,7.787,4.203,0.701,0.223,0.118,113.429,0.530,0.257,5505,2907,111.510,0.143,1.881,0.532,0.861
327,0.006,9.705,4.140,0.333,0.118,0.065,76.517,0.685,0.122,6892,2989,67.584,0.070,1.802,0.555,0.911
328,0.014,3.256,4.193,0.632,0.204,0.090,77.583,0.451,0.200,2307,2910,92.822,0.096,2.273,0.440,0.843
329,0.028,5.119,4.193,0.698,0.211,0.167,139.459,0.712,0.221,3578,2946,150.662,0.171,1.263,0.792,0.914
330,0.004,6.788,4.129,0.244,0.077,0.068,99.722,0.863,0.079,4828,2911,98.130,0.071,1.135,0.881,0.953
331,0.023,10.870,4.170,0.681,0.192,0.155,7.989,0.633,0.202,7664,2961,5.988,0.158,1.236,0.809,0.928
332,0.022,2.422,4.175,0.653,0.225,0.125,21.610,0.650,0.242,1650,3000,16.858,0.132,1.810,0.553,0.914
333,0.010,4.222,4.149,0.429,0.157,0.078,13.548,0.659,0.160,2949,2963,9.628,0.086,2.012,0.497,0.909
334,0.003,4.953,4.125,0.210,0.069,0.054,23.231,0.831,0.073,3504,2947,25.084,0.058,1.278,0.782,0.940
335,0.006,0.243,4.174,0.302,0.101,0.074,89.415,0.805,0.102,169,2936,96.340,0.074,1.362,0.734,0.944
336,0.008,9.800,4.183,0.333,0.108,0.089,11.082,0.860,0.110,6938,2970,168.977,0.090,1.208,0.828,0.966
337,0.014,9.033,4.204,0.494,0.174,0.102,5.878,0.717,0.175,6364,2987,170.764,0.107,1.710,0.585,0.941
338,0.004,4.622,4.194,0.253,0.081,0.065,90.644,0.813,0.087,3274,2959,121.122,0.064,1.238,0.808,0.947
339,0.003,9.156,4.210,0.248,0.071,0.063,146.522,0.714,0.078,6494,2986,165.466,0.069,1.131,0.884,0.905
340,0.004,11.005,4.208,0.222,0.071,0.064,170.010,0.916,0.072,7808,2998,7.815,0.064,1.109,0.902,0.968
341,0.005,1.911,4.263,0.317,0.110,0.062,86.456,0.673,0.121,1347,3073,84.026,0.067,1.772,0.564,0.921
342,0.008,10.720,4.239,0.359,0.123,0.084,9.918,0.788,0.127,7585,3030,20.037,0.088,1.462,0.684,0.945
343,0.005,5.859,4.253,0.272,0.086,0.074,150.806,0.850,0.090,4146,3007,140.080,0.075,1.153,0.867,0.952
344,0.012,2.126,4.286,0.472,0.154,0.096,142.703,0.658,0.172,1457,3024,145.660,0.104,1.603,0.624,0.903
345,0.006,1.150,4.268,0.303,0.096,0.077,86.114,0.798,0.102,815,3075,78.071,0.081,1.254,0.798,0.946
346,0.004,11.086,4.263,0.266,0.093,0.061,173.750,0.790,0.100,7854,3032,170.272,0.063,1.539,0.650,0.953
347,1.796E-4,7.669,4.246,0.048,0.015,0.015,45.014,0.987,0.016,5453,3024,19.983,0.015,1.031,0.970,0.910
348,0.062,1.340,4.384,1.068,0.378,0.209,37.890,0.682,0.392,864,3226,42.965,0.227,1.813,0.552,0.942
349,0.007,0.610,4.298,0.323,0.102,0.087,89.182,0.839,0.107,426,3097,79.426,0.088,1.183,0.846,0.955
350,0.016,4.328,4.339,0.559,0.167,0.123,147.323,0.648,0.190,3043,3031,137.698,0.134,1.361,0.735,0.884
351,0.004,1.826,4.314,0.277,0.080,0.070,28.223,0.716,0.090,1267,3075,17.301,0.075,1.135,0.881,0.925
352,0.004,4.584,4.343,0.250,0.085,0.065,100.595,0.869,0.086,3260,3061,100.389,0.065,1.319,0.758,0.967
353,0.009,9.792,4.413,0.456,0.152,0.075,118.598,0.540,0.167,6922,3093,120.222,0.078,2.040,0.490,0.893
354,0.010,2.027,4.418,0.405,0.123,0.109,153.121,0.804,0.133,1392,3137,164.055,0.113,1.126,0.888,0.927
355,0.005,6.236,4.412,0.277,0.090,0.077,44.204,0.892,0.092,4413,3162,37.569,0.079,1.155,0.866,0.975
356,0.008,7.474,4.439,0.408,0.150,0.069,119.786,0.615,0.160,5290,3111,118.369,0.076,2.182,0.458,0.890
357,2.388E-4,7.624,4.388,0.057,0.019,0.016,165.326,0.910,0.020,5420,3121,164.055,0.017,1.198,0.835,0.910
358,0.011,6.139,4.483,0.483,0.174,0.084,116.396,0.620,0.180,4340,3135,119.967,0.088,2.058,0.486,0.912
359,0.031,0.484,4.518,0.715,0.213,0.186,122.442,0.767,0.232,317,3135,115.478,0.189,1.142,0.876,0.946
360,2.783E-4,0.362,4.424,0.063,0.022,0.016,53.120,0.880,0.024,252,3156,49.764,0.018,1.371,0.729,0.913
361,4.283E-4,6.811,4.427,0.080,0.028,0.019,41.099,0.836,0.030,4839,3158,37.405,0.021,1.462,0.684,0.923
362,0.026,10.678,4.531,0.671,0.197,0.167,140.951,0.720,0.220,7535,3177,135.778,0.174,1.174,0.852,0.926
363,4.007E-4,3.981,4.462,0.079,0.028,0.018,168.436,0.798,0.029,2825,3170,163.301,0.020,1.536,0.651,0.894
364,2.487E-4,10.868,4.466,0.059,0.021,0.015,111.625,0.886,0.022,7733,3171,108.435,0.016,1.430,0.699,0.910
365,0.020,0.707,4.562,0.577,0.184,0.139,74.998,0.756,0.195,481,3309,79.177,0.144,1.323,0.756,0.943
366,0.004,9.291,4.501,0.244,0.076,0.072,25.156,0.902,0.079,6586,3194,160.278,0.070,1.062,0.942,0.970
367,0.060,2.639,4.715,1.197,0.399,0.190,73.780,0.522,0.440,1831,3483,74.809,0.210,2.096,0.477,0.910
368,0.018,0.170,4.606,0.654,0.175,0.133,93.919,0.536,0.193,109,3212,92.090,0.142,1.320,0.757,0.891
369,0.005,9.156,4.560,0.282,0.089,0.069,117.909,0.753,0.092,6494,3218,109.537,0.070,1.292,0.774,0.920
370,0.003,7.560,4.553,0.201,0.065,0.053,1.291,0.841,0.069,5356,3240,173.019,0.054,1.244,0.804,0.947
371,0.018,9.931,4.582,0.582,0.211,0.109,165.697,0.670,0.222,6988,3231,156.849,0.116,1.941,0.515,0.940
372,2.862E-4,9.313,4.547,0.063,0.022,0.017,52.457,0.905,0.023,6621,3241,37.569,0.018,1.321,0.757,0.921
373,0.001,5.556,4.574,0.144,0.046,0.032,92.276,0.697,0.051,3949,3238,104.421,0.037,1.416,0.706,0.861
374,0.005,4.921,4.607,0.311,0.099,0.060,16.570,0.606,0.108,3463,3290,17.488,0.065,1.661,0.602,0.870
375,0.081,8.842,4.769,2.118,0.417,0.246,66.048,0.226,0.433,6218,3519,54.765,0.292,1.693,0.591,0.800
376,0.025,7.526,4.672,0.683,0.186,0.170,172.543,0.670,0.208,5292,3293,140.492,0.183,1.093,0.915,0.912
377,0.004,10.533,4.619,0.259,0.082,0.066,167.407,0.805,0.085,7467,3281,170.538,0.067,1.239,0.807,0.941
378,0.006,10.200,4.644,0.351,0.131,0.058,21.900,0.601,0.124,7217,3304,177.397,0.059,2.271,0.440,0.880
379,0.003,1.786,4.634,0.197,0.059,0.057,144.395,0.854,0.066,1257,3280,123.690,0.058,1.045,0.957,0.954
380,0.006,1.957,4.668,0.331,0.104,0.074,106.060,0.694,0.123,1372,3281,106.574,0.081,1.401,0.714,0.914
381,0.004,5.229,4.656,0.256,0.081,0.057,105.171,0.695,0.086,3707,3287,124.992,0.057,1.413,0.708,0.907
382,0.003,4.748,4.649,0.231,0.076,0.054,2.079,0.763,0.083,3349,3316,3.879,0.056,1.410,0.709,0.940
383,0.018,10.393,4.688,0.571,0.195,0.116,24.475,0.682,0.208,7344,3387,32.293,0.124,1.680,0.595,0.937
384,0.003,0.862,4.665,0.208,0.078,0.042,96.806,0.748,0.077,604,3294,101.514,0.042,1.872,0.534,0.935
385,0.022,3.492,4.765,0.894,0.250,0.113,78.608,0.348,0.270,2465,3488,81.912,0.143,2.225,0.449,0.764
386,0.028,8.406,4.737,0.745,0.249,0.141,151.288,0.624,0.267,5894,3341,158.030,0.159,1.774,0.564,0.889
387,0.004,5.700,4.682,0.254,0.072,0.067,174.362,0.745,0.085,4029,3338,19.335,0.068,1.079,0.927,0.910
388,0.015,7.677,4.719,0.534,0.164,0.115,24.471,0.654,0.182,5410,3401,33.690,0.121,1.421,0.704,0.883
389,0.005,9.477,4.703,0.260,0.081,0.073,33.106,0.862,0.087,6724,3372,52.206,0.073,1.120,0.893,0.960
390,4.461E-4,1.530,4.686,0.079,0.028,0.020,72.054,0.908,0.030,1084,3345,70.710,0.021,1.415,0.707,0.938
391,0.008,5.131,4.729,0.382,0.120,0.084,85.459,0.677,0.130,3635,3413,72.350,0.090,1.427,0.701,0.915
392,0.007,6.507,4.733,0.347,0.114,0.081,51.502,0.760,0.124,4600,3400,44.542,0.085,1.402,0.713,0.934
393,0.006,7.008,4.738,0.333,0.093,0.088,168.849,0.727,0.107,4953,3356,142.980,0.093,1.055,0.948,0.918
394,2.388E-4,2.366,4.703,0.057,0.020,0.015,81.561,0.910,0.022,1682,3355,75.069,0.015,1.350,0.741,0.917
395,0.030,4.246,4.793,0.894,0.236,0.161,134.331,0.470,0.270,2939,3360,138.589,0.188,1.464,0.683,0.855
396,0.006,11.076,4.750,0.329,0.093,0.088,66.614,0.743,0.101,7852,3391,29.055,0.090,1.060,0.943,0.924
397,0.004,9.985,4.755,0.283,0.089,0.060,165.710,0.654,0.098,7074,3385,172.569,0.068,1.487,0.672,0.857
398,0.009,5.334,4.766,0.407,0.128,0.087,168.511,0.659,0.140,3754,3362,151.113,0.093,1.473,0.679,0.905
399,2.981E-4,9.268,4.743,0.065,0.023,0.016,65.233,0.886,0.024,6592,3383,54.462,0.018,1.405,0.712,0.915
400,0.025,0.340,4.856,0.660,0.236,0.136,99.173,0.725,0.241,227,3373,104.522,0.136,1.743,0.574,0.955
401,0.069,8.179,4.921,1.134,0.382,0.231,115.225,0.676,0.394,5769,3374,110.245,0.242,1.658,0.603,0.937
402,0.009,0.857,4.817,0.388,0.128,0.091,97.952,0.769,0.134,610,3382,102.724,0.095,1.409,0.710,0.939
403,0.038,10.090,4.931,1.212,0.329,0.148,63.686,0.328,0.344,7126,3613,69.937,0.170,2.218,0.451,0.806
404,0.005,0.443,4.811,0.288,0.090,0.067,40.024,0.716,0.095,290,3450,37.208,0.071,1.343,0.745,0.899
405,2.191E-4,4.580,4.789,0.054,0.019,0.015,42.704,0.952,0.020,3257,3415,68.962,0.016,1.251,0.800,0.914
406,0.003,9.522,4.830,0.244,0.081,0.055,92.162,0.734,0.089,6780,3406,94.538,0.060,1.482,0.675,0.914
407,2.309E-4,9.695,4.812,0.057,0.019,0.016,178.059,0.906,0.020,6893,3424,164.055,0.017,1.215,0.823,0.918
408,0.005,1.559,4.845,0.273,0.085,0.077,41.776,0.866,0.092,1088,3473,51.203,0.079,1.107,0.903,0.963
409,0.104,10.357,5.056,2.632,0.472,0.279,57.290,0.188,0.566,7286,3419,93.701,0.413,1.690,0.592,0.673
410,0.005,3.680,4.844,0.262,0.089,0.065,4.704,0.825,0.096,2585,3450,14.444,0.066,1.377,0.726,0.963
411,9.553E-4,4.634,4.830,0.131,0.042,0.029,136.923,0.701,0.047,3285,3430,141.072,0.032,1.435,0.697,0.897
412,3.948E-4,9.750,4.824,0.074,0.025,0.020,130.352,0.899,0.027,6934,3426,128.660,0.021,1.252,0.799,0.930
413,3.296E-4,8.364,4.849,0.069,0.027,0.016,163.822,0.870,0.028,5944,3449,162.474,0.017,1.697,0.589,0.930
414,0.004,1.951,4.888,0.265,0.080,0.066,1.983,0.738,0.089,1361,3489,22.135,0.067,1.221,0.819,0.912
415,0.004,4.570,4.895,0.269,0.091,0.061,54.229,0.764,0.096,3230,3509,52.125,0.069,1.481,0.675,0.906
416,2.546E-4,3.135,4.891,0.059,0.021,0.016,50.952,0.907,0.022,2228,3489,63.435,0.017,1.340,0.746,0.912
417,0.006,8.968,4.942,0.294,0.102,0.073,72.097,0.847,0.106,6377,3555,78.541,0.076,1.396,0.716,0.958
418,0.016,6.743,4.966,0.557,0.151,0.137,170.771,0.657,0.165,4744,3508,150.376,0.141,1.107,0.904,0.928
419,0.003,1.213,4.933,0.208,0.065,0.057,108.825,0.844,0.067,841,3501,148.627,0.060,1.148,0.871,0.943
420,0.004,3.684,4.961,0.245,0.075,0.061,28.328,0.753,0.080,2595,3535,11.113,0.064,1.225,0.816,0.897
421,0.015,6.373,5.037,0.707,0.201,0.095,67.242,0.378,0.212,4520,3661,81.225,0.109,2.102,0.476,0.839
422,0.018,0.794,5.046,0.758,0.159,0.142,79.238,0.389,0.204,578,3513,100.692,0.170,1.122,0.891,0.761
423,0.005,9.380,4.986,0.280,0.094,0.063,86.010,0.745,0.098,6663,3516,104.036,0.065,1.474,0.679,0.931
424,0.013,2.878,5.017,0.471,0.152,0.108,71.343,0.730,0.161,2031,3629,74.261,0.120,1.404,0.712,0.927
425,0.004,7.593,4.983,0.263,0.086,0.062,178.793,0.764,0.092,5371,3546,175.601,0.067,1.395,0.717,0.933
426,2.862E-4,1.573,4.961,0.064,0.021,0.017,115.965,0.873,0.024,1115,3525,118.072,0.019,1.229,0.814,0.903
427,2.981E-4,1.331,4.972,0.069,0.027,0.014,30.911,0.779,0.028,938,3544,26.565,0.016,1.986,0.504,0.901
428,6.454E-4,4.790,4.982,0.101,0.037,0.022,59.074,0.789,0.039,3402,3557,56.889,0.024,1.645,0.608,0.915
429,0.008,1.258,5.022,0.381,0.142,0.076,142.919,0.733,0.146,855,3538,146.004,0.083,1.875,0.533,0.941
430,0.015,2.587,5.063,0.500,0.160,0.120,70.732,0.759,0.174,1846,3661,83.506,0.123,1.330,0.752,0.941
431,0.011,2.462,5.062,0.449,0.163,0.085,105.782,0.681,0.171,1746,3543,102.783,0.094,1.919,0.521,0.922
432,0.003,9.048,5.031,0.240,0.069,0.064,93.413,0.755,0.074,6411,3575,169.114,0.067,1.074,0.931,0.918
433,0.005,5.477,5.042,0.290,0.095,0.072,32.026,0.802,0.100,3871,3612,41.566,0.074,1.315,0.760,0.931
434,6.237E-4,9.578,5.018,0.097,0.037,0.022,136.536,0.834,0.038,6806,3564,143.973,0.024,1.717,0.582,0.927
435,0.007,9.936,5.060,0.344,0.105,0.080,113.228,0.699,0.114,7035,3578,145.528,0.083,1.321,0.757,0.909
436,0.019,8.443,5.104,0.597,0.171,0.141,175.896,0.669,0.187,5953,3620,167.425,0.154,1.216,0.822,0.909
437,0.052,9.652,5.160,1.236,0.296,0.223,65.851,0.426,0.335,6795,3778,40.914,0.265,1.329,0.753,0.788
438,8.034E-4,6.206,5.055,0.114,0.044,0.023,61.230,0.770,0.045,4409,3612,64.231,0.024,1.926,0.519,0.928
439,0.006,5.945,5.089,0.316,0.112,0.066,130.879,0.728,0.122,4201,3589,128.454,0.071,1.696,0.590,0.938
440,0.007,5.150,5.114,0.340,0.116,0.072,24.067,0.714,0.119,3634,3665,40.675,0.074,1.601,0.625,0.920
441,0.003,6.856,5.108,0.219,0.067,0.060,110.638,0.819,0.072,4865,3613,109.502,0.063,1.120,0.893,0.947
442,0.004,2.384,5.113,0.259,0.079,0.064,93.353,0.747,0.086,1683,3667,59.676,0.064,1.236,0.809,0.926
443,0.018,10.052,5.159,0.798,0.215,0.104,43.347,0.346,0.241,7084,3740,44.293,0.135,2.062,0.485,0.757
444,0.011,1.049,5.155,0.501,0.192,0.075,44.955,0.563,0.206,697,3716,41.406,0.088,2.566,0.390,0.894
445,0.012,9.062,5.164,0.493,0.164,0.097,118.721,0.646,0.170,6412,3634,130.653,0.103,1.691,0.591,0.899
446,4.362E-4,1.207,5.101,0.078,0.028,0.020,137.422,0.906,0.030,850,3625,148.570,0.021,1.440,0.695,0.927
447,3.829E-4,1.926,5.105,0.073,0.024,0.020,74.794,0.912,0.026,1367,3642,67.620,0.021,1.174,0.852,0.937
448,0.005,2.706,5.153,0.294,0.086,0.080,79.933,0.793,0.092,1911,3642,125.640,0.085,1.074,0.931,0.932
449,0.005,9.907,5.154,0.277,0.095,0.063,138.393,0.771,0.095,7028,3643,139.214,0.064,1.508,0.663,0.929
450,0.008,3.877,5.219,0.375,0.107,0.089,129.024,0.673,0.120,2736,3680,121.079,0.097,1.199,0.834,0.886
451,1.994E-4,2.139,5.204,0.051,0.017,0.015,178.842,0.977,0.018,1517,3701,161.565,0.015,1.095,0.913,0.918
452,0.006,9.882,5.272,0.320,0.113,0.064,87.983,0.695,0.119,7020,3789,78.425,0.067,1.760,0.568,0.915
453,0.005,5.108,5.260,0.323,0.096,0.073,49.073,0.658,0.101,3603,3758,34.796,0.078,1.316,0.760,0.903
454,3.178E-4,6.773,5.227,0.072,0.024,0.017,22.549,0.767,0.026,4812,3723,15.524,0.020,1.415,0.707,0.850
455,0.005,9.776,5.261,0.297,0.095,0.071,10.937,0.755,0.103,6924,3745,6.254,0.077,1.327,0.754,0.927
456,0.013,4.972,5.292,0.462,0.138,0.117,176.374,0.750,0.143,3494,3784,13.627,0.123,1.177,0.849,0.928
457,4.244E-4,9.535,5.250,0.077,0.025,0.022,103.948,0.909,0.027,6786,3727,111.251,0.022,1.121,0.892,0.935
458,0.004,6.210,5.275,0.268,0.079,0.060,120.592,0.644,0.087,4409,3730,107.850,0.069,1.313,0.762,0.838
459,0.012,6.379,5.317,0.462,0.147,0.100,81.997,0.680,0.157,4514,3837,68.484,0.113,1.475,0.678,0.896
460,0.009,6.589,5.300,0.380,0.112,0.104,78.052,0.799,0.119,4664,3807,55.561,0.104,1.075,0.930,0.947
461,2.053E-4,3.017,5.281,0.053,0.017,0.016,116.407,0.932,0.018,2143,3754,128.660,0.016,1.073,0.932,0.900
462,0.025,8.722,5.366,0.655,0.223,0.145,36.040,0.742,0.228,6137,3855,22.130,0.157,1.541,0.649,0.942
463,2.902E-4,3.798,5.302,0.066,0.022,0.017,4.521,0.832,0.024,2694,3774,169.992,0.018,1.327,0.753,0.891
464,2.744E-4,3.922,5.306,0.070,0.025,0.014,20.914,0.700,0.029,2782,3780,16.699,0.016,1.837,0.544,0.850
465,0.008,1.184,5.368,0.358,0.118,0.087,173.269,0.790,0.125,800,3808,165.027,0.091,1.357,0.737,0.952
466,0.006,11.015,5.374,0.324,0.109,0.076,137.425,0.775,0.115,7815,3794,129.536,0.080,1.436,0.696,0.942
467,2.704E-4,2.222,5.346,0.061,0.022,0.016,33.876,0.902,0.023,1574,3809,25.017,0.017,1.400,0.714,0.916
468,0.028,6.155,5.458,0.929,0.252,0.142,37.965,0.409,0.266,4298,3931,38.140,0.164,1.771,0.565,0.865
469,3.336E-4,4.108,5.353,0.070,0.026,0.017,34.976,0.851,0.027,2916,3817,27.897,0.018,1.534,0.652,0.906
470,9.692E-4,8.062,5.363,0.126,0.042,0.029,43.549,0.764,0.044,5723,3821,20.772,0.031,1.438,0.695,0.871
471,0.084,10.650,5.512,2.406,0.441,0.243,13.006,0.182,0.541,7394,3988,6.866,0.312,1.816,0.551,0.703
472,2.388E-4,4.508,5.379,0.057,0.020,0.015,83.769,0.921,0.021,3207,3821,109.654,0.015,1.312,0.762,0.931
473,0.005,1.533,5.406,0.308,0.119,0.053,14.487,0.658,0.122,1051,3861,14.036,0.058,2.244,0.446,0.919
474,0.034,9.466,5.520,0.782,0.278,0.157,79.694,0.703,0.283,6718,4027,83.440,0.161,1.774,0.564,0.945
475,0.012,1.820,5.450,0.449,0.149,0.100,11.390,0.730,0.158,1239,3889,6.116,0.109,1.480,0.676,0.918
476,2.961E-4,3.752,5.410,0.071,0.026,0.014,154.356,0.738,0.028,2661,3848,153.435,0.016,1.826,0.548,0.877
477,0.011,5.509,5.482,0.436,0.124,0.111,81.662,0.717,0.137,3891,3944,68.962,0.123,1.113,0.898,0.929
478,0.008,8.018,5.470,0.350,0.124,0.077,138.422,0.774,0.130,5672,3863,148.717,0.080,1.613,0.620,0.954
479,0.012,6.466,5.506,0.466,0.162,0.092,74.238,0.672,0.169,4576,3970,67.051,0.096,1.765,0.567,0.927
480,0.032,6.988,5.525,0.749,0.225,0.183,138.327,0.724,0.242,4911,3878,141.132,0.196,1.229,0.814,0.938
481,0.016,10.069,5.499,0.696,0.187,0.108,151.932,0.411,0.195,7110,3880,149.178,0.123,1.735,0.576,0.845
482,4.204E-4,9.116,5.455,0.088,0.037,0.015,70.548,0.679,0.037,6483,3895,67.380,0.017,2.496,0.401,0.873
483,2.645E-4,7.107,5.464,0.061,0.020,0.017,70.887,0.882,0.023,5055,3897,79.380,0.017,1.237,0.809,0.912
484,0.017,4.751,5.523,0.552,0.179,0.122,5.744,0.708,0.186,3313,3939,5.625,0.129,1.463,0.684,0.918
485,0.026,9.046,5.552,0.867,0.216,0.152,4.998,0.431,0.230,6363,3959,10.555,0.174,1.428,0.700,0.844
486,0.009,9.248,5.515,0.439,0.133,0.088,176.416,0.598,0.149,6535,3916,166.884,0.099,1.524,0.656,0.873
487,2.487E-4,9.774,5.473,0.061,0.021,0.015,126.643,0.852,0.022,6952,3889,124.695,0.016,1.405,0.712,0.897
488,0.008,10.363,5.530,0.386,0.127,0.079,55.854,0.664,0.138,7343,3975,58.736,0.088,1.600,0.625,0.900
489,0.008,7.934,5.546,0.416,0.135,0.080,68.853,0.612,0.145,5644,3993,81.634,0.089,1.696,0.590,0.860
490,0.014,5.664,5.536,0.463,0.140,0.123,171.027,0.797,0.146,3994,3906,146.004,0.127,1.137,0.880,0.956
491,2.448E-4,8.104,5.485,0.057,0.018,0.017,90.000,0.933,0.020,5768,3897,98.130,0.017,1.088,0.919,0.912
492,0.011,2.353,5.595,0.442,0.152,0.094,85.186,0.723,0.158,1651,4033,72.372,0.099,1.621,0.617,0.932
493,2.487E-4,8.880,5.537,0.058,0.019,0.017,91.568,0.921,0.021,6319,3933,109.654,0.017,1.115,0.897,0.926
494,0.010,1.295,5.611,0.474,0.160,0.080,39.574,0.564,0.184,871,4020,37.569,0.089,1.996,0.501,0.883
495,3.040E-4,8.622,5.569,0.065,0.024,0.016,125.710,0.894,0.026,6132,3956,119.358,0.017,1.501,0.666,0.914
496,0.002,10.124,5.588,0.181,0.057,0.048,122.298,0.828,0.063,7197,3957,109.654,0.049,1.179,0.848,0.934
497,2.605E-4,6.222,5.574,0.058,0.019,0.017,42.001,0.965,0.020,4422,3971,33.690,0.018,1.115,0.896,0.933
498,0.004,0.257,5.613,0.266,0.101,0.055,138.751,0.775,0.101,158,3969,138.965,0.057,1.848,0.541,0.954
499,0.005,6.840,5.627,0.296,0.087,0.076,131.095,0.737,0.096,4846,3982,126.703,0.080,1.143,0.875,0.909
500,0.019,9.657,5.648,0.714,0.224,0.109,171.255,0.471,0.238,6799,3990,165.635,0.124,2.067,0.484,0.839
501,0.004,8.752,5.639,0.266,0.098,0.050,90.742,0.691,0.099,6232,3978,95.711,0.055,1.957,0.511,0.929
502,0.032,8.334,5.712,0.877,0.293,0.141,141.336,0.530,0.311,5832,4005,141.785,0.154,2.079,0.481,0.862
503,0.013,4.730,5.667,0.540,0.145,0.115,38.772,0.565,0.176,3309,4051,23.078,0.130,1.267,0.790,0.852
504,0.013,9.946,5.655,0.600,0.185,0.086,159.319,0.437,0.196,7010,3998,150.306,0.102,2.136,0.468,0.849
505,0.067,9.232,5.766,1.415,0.357,0.241,48.357,0.423,0.397,6477,4224,43.854,0.297,1.483,0.674,0.776
506,0.017,5.939,5.702,0.553,0.152,0.145,26.530,0.708,0.173,4166,4078,7.933,0.142,1.050,0.952,0.915
507,0.016,0.816,5.710,0.547,0.186,0.112,90.177,0.684,0.194,581,4137,79.584,0.119,1.662,0.602,0.935
508,0.002,8.167,5.677,0.199,0.066,0.047,80.803,0.777,0.069,5817,4017,96.981,0.049,1.399,0.715,0.936
509,3.020E-4,2.655,5.664,0.065,0.020,0.019,144.656,0.888,0.022,1881,4032,18.435,0.020,1.037,0.965,0.916
510,2.191E-4,3.321,5.669,0.053,0.017,0.017,156.616,0.994,0.018,2358,4038,22.620,0.017,1.022,0.979,0.925
511,0.012,10.649,5.748,0.453,0.142,0.106,124.477,0.725,0.159,7550,4045,126.363,0.110,1.334,0.750,0.924
512,3.020E-4,0.389,5.693,0.069,0.020,0.020,67.757,0.789,0.023,269,4053,14.036,0.020,1.011,0.989,0.855
513,2.605E-4,5.709,5.704,0.063,0.021,0.016,73.362,0.837,0.023,4061,4067,75.964,0.017,1.338,0.748,0.880
514,0.005,8.550,5.732,0.274,0.102,0.061,169.037,0.813,0.103,6050,4073,168.996,0.063,1.671,0.599,0.961
515,2.230E-4,6.227,5.723,0.055,0.019,0.015,116.891,0.940,0.020,4430,4067,111.038,0.016,1.225,0.816,0.915
516,0.005,9.899,5.765,0.297,0.092,0.072,98.821,0.744,0.102,7048,4139,84.447,0.076,1.280,0.781,0.922
517,0.001,1.463,5.739,0.183,0.053,0.027,35.432,0.424,0.063,1019,4096,24.864,0.033,1.943,0.515,0.731
518,0.020,10.042,5.835,0.625,0.233,0.110,88.435,0.644,0.239,7123,4073,102.894,0.109,2.123,0.471,0.944
519,0.010,9.043,5.798,0.428,0.148,0.090,96.581,0.719,0.149,6426,4178,76.884,0.092,1.648,0.607,0.935
520,3.296E-4,8.765,5.740,0.080,0.021,0.020,31.789,0.643,0.027,6229,4085,161.565,0.022,1.094,0.914,0.803
521,0.007,6.158,5.791,0.341,0.104,0.084,67.284,0.751,0.114,4362,4156,69.114,0.092,1.237,0.808,0.926
522,0.004,7.775,5.771,0.271,0.091,0.063,6.695,0.763,0.095,5500,4111,5.117,0.065,1.458,0.686,0.929
523,3.079E-4,8.737,5.764,0.073,0.024,0.016,77.505,0.717,0.026,6218,4113,74.476,0.020,1.513,0.661,0.834
524,1.974E-4,2.583,5.765,0.050,0.017,0.015,42.467,0.981,0.018,1833,4107,32.471,0.015,1.130,0.885,0.939
525,0.005,5.764,5.808,0.323,0.103,0.063,137.631,0.615,0.116,4074,4102,128.118,0.074,1.630,0.614,0.858
526,2.369E-4,9.950,5.777,0.058,0.021,0.014,149.440,0.892,0.022,7075,4110,165.069,0.016,1.440,0.694,0.899
527,0.034,4.321,5.913,1.560,0.240,0.182,140.442,0.178,0.328,3006,4117,118.101,0.258,1.319,0.758,0.603
528,0.009,3.934,5.846,0.453,0.138,0.086,73.024,0.573,0.149,2770,4200,48.814,0.098,1.600,0.625,0.875
529,2.250E-4,2.531,5.794,0.054,0.018,0.016,159.342,0.977,0.019,1795,4122,167.005,0.017,1.085,0.921,0.916
530,0.009,7.609,5.852,0.401,0.137,0.083,129.237,0.697,0.150,5381,4120,127.405,0.086,1.663,0.601,0.930
531,0.007,2.349,5.861,0.388,0.135,0.070,63.688,0.620,0.147,1643,4214,57.068,0.074,1.932,0.518,0.895
532,2.467E-4,3.219,5.805,0.057,0.018,0.017,108.959,0.952,0.020,2287,4126,129.289,0.017,1.080,0.926,0.926
533,2.941E-4,8.590,5.808,0.066,0.025,0.015,157.926,0.852,0.026,6106,4129,150.642,0.016,1.682,0.595,0.900
534,0.029,11.051,5.906,0.990,0.239,0.154,41.665,0.371,0.254,7825,4287,54.462,0.176,1.549,0.646,0.888
535,0.006,2.509,5.861,0.322,0.096,0.082,48.711,0.749,0.102,1762,4200,48.366,0.087,1.165,0.859,0.915
536,2.546E-4,6.461,5.830,0.061,0.022,0.015,56.609,0.858,0.023,4595,4157,57.265,0.016,1.509,0.663,0.915
537,0.123,7.906,6.047,3.158,0.525,0.299,167.287,0.156,0.630,5435,4221,152.236,0.424,1.755,0.570,0.617
538,3.296E-4,6.670,5.843,0.074,0.023,0.019,53.349,0.754,0.026,4738,4161,22.380,0.022,1.210,0.827,0.833
539,0.006,10.361,5.898,0.317,0.107,0.068,102.530,0.715,0.120,7362,4153,108.435,0.072,1.579,0.633,0.937
540,2.092E-4,7.360,5.851,0.051,0.017,0.015,157.466,0.993,0.018,5235,4159,122.471,0.015,1.134,0.881,0.930
541,0.004,5.973,5.890,0.261,0.080,0.063,78.530,0.730,0.086,4245,4161,111.105,0.067,1.265,0.790,0.893
542,2.250E-4,4.508,5.875,0.057,0.020,0.014,133.725,0.883,0.021,3204,4176,126.870,0.016,1.389,0.720,0.894
543,0.006,0.528,5.922,0.354,0.129,0.063,128.633,0.639,0.142,343,4179,133.798,0.071,2.065,0.484,0.923
544,3.000E-4,3.135,5.883,0.064,0.022,0.017,98.828,0.924,0.023,2231,4179,104.036,0.017,1.285,0.778,0.941
545,0.010,8.178,5.921,0.422,0.147,0.087,3.573,0.708,0.150,5769,4225,5.389,0.094,1.695,0.590,0.921
546,0.005,1.930,5.927,0.301,0.105,0.060,89.094,0.678,0.110,1364,4259,76.675,0.064,1.754,0.570,0.913
547,0.008,0.424,5.946,0.367,0.125,0.085,105.055,0.777,0.132,285,4185,102.265,0.089,1.471,0.680,0.949
548,0.012,6.637,5.951,0.459,0.141,0.111,47.439,0.732,0.160,4674,4273,41.800,0.119,1.272,0.786,0.936
549,0.004,5.732,5.944,0.276,0.090,0.063,64.427,0.738,0.097,4052,4251,50.301,0.066,1.416,0.706,0.927
550,3.296E-4,9.508,5.925,0.075,0.029,0.014,97.508,0.728,0.031,6768,4207,97.765,0.015,2.005,0.499,0.895
551,0.015,7.277,6.006,0.521,0.149,0.131,113.050,0.710,0.170,5150,4218,119.100,0.136,1.143,0.875,0.913
552,0.005,10.844,5.960,0.279,0.100,0.067,170.332,0.843,0.102,7682,4232,168.845,0.067,1.488,0.672,0.972
553,2.981E-4,5.243,5.961,0.086,0.026,0.015,60.971,0.510,0.031,3726,4251,63.435,0.018,1.754,0.570,0.774
554,3.138E-4,4.112,5.966,0.066,0.023,0.017,113.962,0.910,0.025,2923,4239,120.964,0.018,1.325,0.755,0.924
555,0.025,4.131,6.079,0.759,0.260,0.124,132.540,0.552,0.271,2881,4249,136.469,0.138,2.092,0.478,0.890
556,0.007,3.658,6.034,0.382,0.138,0.067,58.065,0.624,0.147,2570,4337,55.548,0.074,2.062,0.485,0.890
557,0.008,4.984,6.028,0.345,0.106,0.092,82.441,0.801,0.116,3537,4331,78.826,0.094,1.157,0.864,0.947
558,2.744E-4,8.834,5.984,0.062,0.022,0.016,109.871,0.891,0.024,6286,4252,107.354,0.017,1.360,0.735,0.927
559,0.002,5.473,6.005,0.193,0.056,0.048,177.176,0.700,0.064,3874,4269,157.964,0.053,1.168,0.856,0.873
560,0.005,4.560,6.026,0.287,0.099,0.061,94.372,0.721,0.103,3232,4256,101.004,0.062,1.640,0.610,0.926
561,0.005,9.695,6.021,0.315,0.103,0.067,137.980,0.693,0.114,6878,4256,128.991,0.073,1.535,0.651,0.904
562,0.006,10.896,6.027,0.352,0.132,0.055,28.635,0.581,0.139,7717,4313,30.964,0.062,2.394,0.418,0.910
563,0.019,6.703,6.071,0.663,0.226,0.108,24.806,0.546,0.238,4691,4351,23.997,0.123,2.099,0.476,0.873
564,3.415E-4,3.379,6.009,0.083,0.027,0.016,37.621,0.617,0.031,2396,4281,35.838,0.021,1.632,0.613,0.814
565,0.136,10.711,6.229,4.322,0.568,0.304,162.553,0.091,0.733,7364,4398,4.946,0.447,1.868,0.535,0.590
566,4.599E-4,6.277,6.035,0.097,0.026,0.023,54.367,0.615,0.030,4462,4305,37.405,0.027,1.114,0.898,0.802
567,0.005,3.004,6.073,0.319,0.103,0.067,39.261,0.666,0.106,2101,4339,34.743,0.079,1.550,0.645,0.894
568,0.014,3.540,6.111,0.653,0.185,0.097,100.439,0.417,0.181,2497,4290,110.400,0.115,1.908,0.524,0.816
569,2.329E-4,4.424,6.035,0.055,0.019,0.016,117.266,0.953,0.020,3145,4289,114.775,0.017,1.194,0.837,0.918
570,0.008,7.505,6.077,0.387,0.139,0.069,145.980,0.631,0.147,5300,4292,150.732,0.074,2.028,0.493,0.904
571,0.006,8.457,6.070,0.284,0.095,0.076,122.037,0.887,0.097,6001,4292,122.535,0.077,1.255,0.797,0.973
572,0.004,10.117,6.065,0.268,0.077,0.074,161.754,0.788,0.085,7193,4346,67.671,0.075,1.034,0.967,0.930
573,3.395E-4,9.043,6.053,0.074,0.027,0.016,54.388,0.773,0.029,6431,4318,54.782,0.019,1.648,0.607,0.891
574,3.731E-4,10.212,6.066,0.073,0.028,0.017,89.396,0.877,0.028,7265,4308,104.744,0.017,1.638,0.611,0.940
575,2.073E-4,5.761,6.069,0.054,0.018,0.015,67.136,0.884,0.021,4098,4327,61.699,0.015,1.236,0.809,0.913
576,0.013,5.011,6.133,0.449,0.159,0.102,48.155,0.789,0.161,3521,4404,47.121,0.104,1.560,0.641,0.961
577,0.006,8.277,6.119,0.350,0.107,0.073,83.306,0.629,0.115,5884,4318,99.118,0.076,1.478,0.677,0.879
578,2.448E-4,2.287,6.079,0.057,0.020,0.016,73.705,0.944,0.021,1625,4334,70.346,0.015,1.269,0.788,0.936
579,4.639E-4,7.067,6.094,0.095,0.035,0.017,134.028,0.642,0.036,5025,4326,120.579,0.020,2.107,0.475,0.833
580,0.042,5.494,6.250,1.679,0.356,0.150,64.639,0.187,0.366,3867,4575,70.036,0.187,2.371,0.422,0.708
581,4.441E-4,9.237,6.110,0.103,0.036,0.016,123.167,0.525,0.035,6568,4337,123.690,0.019,2.298,0.435,0.805
582,0.004,9.438,6.140,0.237,0.075,0.061,89.145,0.796,0.079,6709,4397,77.692,0.065,1.228,0.814,0.938
583,2.665E-4,8.607,6.119,0.063,0.020,0.017,100.529,0.834,0.023,6124,4347,115.017,0.018,1.203,0.831,0.882
584,0.005,2.909,6.162,0.267,0.087,0.066,162.179,0.791,0.096,2038,4373,156.801,0.070,1.333,0.750,0.931
585,3.040E-4,6.976,6.139,0.067,0.022,0.018,57.838,0.851,0.025,4960,4376,59.036,0.019,1.255,0.797,0.903
586,0.002,2.520,6.160,0.177,0.060,0.043,120.677,0.816,0.063,1784,4365,124.046,0.045,1.389,0.720,0.944
587,0.006,7.387,6.188,0.333,0.103,0.071,28.601,0.649,0.113,5219,4425,23.385,0.081,1.445,0.692,0.879
588,0.017,0.315,6.212,0.597,0.226,0.098,157.931,0.612,0.224,151,4388,155.526,0.104,2.309,0.433,0.924
589,0.006,7.720,6.209,0.317,0.106,0.074,125.560,0.767,0.111,5469,4388,114.624,0.075,1.439,0.695,0.939
590,0.010,5.344,6.231,0.395,0.127,0.100,93.169,0.805,0.132,3795,4479,72.719,0.101,1.272,0.786,0.956
591,0.011,4.833,6.267,0.515,0.175,0.084,83.869,0.544,0.182,3429,4522,77.039,0.104,2.089,0.479,0.836
592,2.309E-4,1.958,6.191,0.055,0.019,0.016,116.580,0.944,0.020,1391,4400,114.775,0.017,1.206,0.829,0.918
593,4.283E-4,4.314,6.204,0.093,0.035,0.016,49.439,0.624,0.037,3063,4426,60.524,0.018,2.225,0.449,0.831
594,2.408E-4,9.714,6.196,0.057,0.020,0.015,65.028,0.918,0.021,6913,4418,70.346,0.016,1.284,0.779,0.917
595,4.244E-4,6.204,6.203,0.083,0.027,0.020,80.437,0.782,0.030,4413,4425,70.710,0.024,1.306,0.766,0.870
596,0.002,6.491,6.220,0.190,0.059,0.053,153.740,0.844,0.065,4602,4412,151.783,0.053,1.119,0.894,0.945
597,0.051,3.240,6.421,1.780,0.443,0.146,114.070,0.201,0.481,2227,4425,115.067,0.196,3.036,0.329,0.770
598,0.030,10.398,6.349,1.124,0.272,0.142,118.549,0.302,0.293,7349,4426,113.127,0.185,1.916,0.522,0.755
599,0.007,0.195,6.280,0.342,0.117,0.075,137.146,0.737,0.124,115,4432,132.709,0.081,1.555,0.643,0.922
600,0.004,2.053,6.259,0.256,0.089,0.064,12.907,0.845,0.089,1432,4462,10.954,0.066,1.395,0.717,0.963
601,0.031,6.802,6.313,1.117,0.247,0.160,176.873,0.313,0.271,4744,4508,21.636,0.193,1.537,0.651,0.792
602,0.004,3.331,6.277,0.303,0.098,0.058,102.464,0.606,0.106,2343,4438,122.005,0.064,1.687,0.593,0.861
603,0.005,10.503,6.283,0.287,0.106,0.058,95.884,0.741,0.106,7467,4436,101.459,0.060,1.828,0.547,0.938
604,0.067,5.128,6.389,1.703,0.387,0.222,5.875,0.292,0.429,3488,4618,22.533,0.277,1.749,0.572,0.730
605,0.053,3.861,6.504,2.047,0.427,0.158,82.892,0.159,0.576,2667,4841,75.726,0.251,2.699,0.370,0.517
606,0.009,5.790,6.313,0.429,0.114,0.102,60.740,0.623,0.131,4100,4535,68.654,0.110,1.120,0.893,0.876
607,2.487E-4,8.324,6.269,0.059,0.020,0.016,44.108,0.911,0.021,5920,4468,53.130,0.017,1.276,0.784,0.903
608,0.005,7.126,6.315,0.312,0.116,0.059,59.890,0.693,0.123,5050,4534,63.435,0.064,1.974,0.507,0.930
609,0.041,9.958,6.434,1.186,0.360,0.146,76.021,0.370,0.350,7063,4460,95.985,0.171,2.464,0.406,0.780
610,4.599E-4,5.588,6.277,0.090,0.029,0.020,1.346,0.716,0.032,3965,4470,17.650,0.022,1.403,0.713,0.855
611,0.009,2.662,6.328,0.394,0.119,0.098,30.854,0.740,0.130,1852,4531,41.070,0.106,1.222,0.818,0.927
612,0.007,11.058,6.322,0.340,0.110,0.085,134.018,0.798,0.120,7843,4468,130.236,0.089,1.292,0.774,0.945
613,0.008,2.042,6.346,0.406,0.138,0.078,32.971,0.643,0.147,1413,4548,43.452,0.088,1.776,0.563,0.905
614,4.658E-4,4.178,6.303,0.086,0.033,0.018,71.493,0.794,0.034,2969,4497,65.556,0.019,1.843,0.543,0.924
615,3.040E-4,5.951,6.303,0.074,0.022,0.017,163.132,0.701,0.025,4227,4481,160.560,0.018,1.303,0.767,0.853
616,3.415E-4,6.299,6.320,0.073,0.029,0.015,95.654,0.795,0.030,4482,4488,98.130,0.015,1.969,0.508,0.920
617,0.005,9.363,6.350,0.286,0.095,0.063,36.700,0.719,0.096,6635,4534,20.556,0.069,1.508,0.663,0.897
618,0.004,8.302,6.347,0.269,0.090,0.061,170.768,0.752,0.095,5878,4509,168.857,0.067,1.463,0.683,0.925
619,8.014E-4,7.260,6.368,0.113,0.034,0.030,160.419,0.789,0.038,5159,4542,31.329,0.032,1.103,0.907,0.914
620,0.004,7.102,6.405,0.227,0.075,0.063,23.523,0.906,0.077,5029,4568,21.413,0.064,1.187,0.842,0.967
621,0.007,0.366,6.433,0.352,0.121,0.075,113.715,0.721,0.129,236,4542,113.772,0.082,1.611,0.621,0.935
622,0.008,5.846,6.432,0.384,0.138,0.075,145.002,0.700,0.139,4116,4552,138.270,0.081,1.833,0.545,0.924
623,0.002,0.124,6.414,0.155,0.053,0.037,97.859,0.817,0.056,84,4544,102.995,0.039,1.448,0.691,0.950
624,0.003,4.886,6.418,0.221,0.064,0.052,19.946,0.678,0.072,3454,4556,159.444,0.058,1.215,0.823,0.864
625,3.316E-4,8.460,6.405,0.072,0.023,0.019,140.313,0.797,0.026,6015,4554,143.746,0.021,1.230,0.813,0.898
626,6.020E-4,6.022,6.412,0.117,0.034,0.023,122.427,0.551,0.039,4278,4555,124.824,0.028,1.495,0.669,0.788
627,2.921E-4,8.981,6.407,0.067,0.023,0.016,116.849,0.809,0.025,6386,4554,120.964,0.018,1.415,0.707,0.894
628,0.009,3.481,6.466,0.401,0.126,0.092,110.378,0.716,0.133,2457,4558,103.449,0.100,1.372,0.729,0.925
629,0.053,6.515,6.518,1.092,0.311,0.218,2.910,0.561,0.332,4526,4649,4.120,0.228,1.429,0.700,0.916
630,0.015,1.897,6.465,0.505,0.169,0.111,172.065,0.727,0.178,1287,4595,171.357,0.121,1.516,0.660,0.918
631,0.004,10.354,6.447,0.263,0.080,0.068,115.841,0.775,0.084,7347,4567,129.560,0.072,1.188,0.841,0.932
632,0.005,7.583,6.462,0.296,0.096,0.071,103.669,0.768,0.105,5390,4564,108.677,0.078,1.362,0.734,0.932
633,0.007,1.666,6.492,0.360,0.133,0.071,123.859,0.721,0.138,1162,4576,123.366,0.078,1.872,0.534,0.923
634,0.008,7.225,6.476,0.368,0.104,0.097,107.951,0.736,0.116,5109,4583,129.094,0.102,1.081,0.925,0.916
635,0.008,10.951,6.487,0.374,0.118,0.091,96.918,0.758,0.129,7793,4667,78.690,0.091,1.305,0.766,0.958
636,3.079E-4,8.545,6.443,0.067,0.022,0.018,132.671,0.865,0.024,6080,4578,107.354,0.018,1.257,0.795,0.894
637,0.064,2.220,6.579,1.188,0.385,0.210,153.279,0.566,0.420,1444,4624,150.778,0.224,1.834,0.545,0.913
638,2.428E-4,6.313,6.479,0.057,0.018,0.017,70.854,0.952,0.020,4491,4605,111.038,0.018,1.094,0.914,0.921
639,2.566E-4,3.814,6.489,0.059,0.019,0.017,162.902,0.914,0.021,2710,4612,118.301,0.018,1.146,0.873,0.900
640,0.005,8.946,6.518,0.312,0.101,0.060,152.327,0.616,0.111,6338,4618,138.066,0.067,1.697,0.589,0.865
641,0.027,7.507,6.602,0.736,0.218,0.158,84.149,0.626,0.244,5328,4788,79.725,0.164,1.376,0.727,0.898
642,0.006,0.395,6.544,0.317,0.119,0.060,33.608,0.705,0.123,248,4686,46.848,0.063,1.962,0.510,0.915
643,0.006,5.959,6.539,0.317,0.096,0.079,104.463,0.743,0.105,4210,4634,131.186,0.086,1.209,0.827,0.918
644,0.006,8.569,6.540,0.318,0.108,0.065,17.936,0.690,0.114,6060,4673,18.658,0.072,1.668,0.600,0.904
645,0.012,0.931,6.576,0.459,0.150,0.105,43.938,0.737,0.153,631,4725,55.871,0.113,1.422,0.703,0.921
646,0.011,7.077,6.574,0.425,0.140,0.099,21.851,0.762,0.146,5001,4715,37.972,0.106,1.415,0.707,0.933
647,0.002,3.148,6.541,0.253,0.056,0.042,42.308,0.360,0.074,2240,4688,54.211,0.060,1.342,0.745,0.611
648,0.003,10.616,6.566,0.223,0.078,0.054,140.256,0.839,0.081,7534,4656,144.926,0.058,1.438,0.696,0.949
649,0.003,8.199,6.572,0.220,0.067,0.061,96.185,0.840,0.071,5828,4653,112.011,0.063,1.088,0.919,0.936
650,0.015,10.748,6.615,0.523,0.148,0.127,31.138,0.677,0.156,7593,4721,22.859,0.132,1.167,0.857,0.923
651,0.003,6.123,6.596,0.240,0.087,0.045,60.604,0.682,0.094,4339,4720,55.359,0.049,1.929,0.518,0.915
652,0.011,4.742,6.633,0.446,0.138,0.104,80.080,0.712,0.146,3351,4768,74.358,0.105,1.329,0.752,0.927
653,3.592E-4,5.195,6.571,0.078,0.026,0.018,11.654,0.733,0.029,3688,4680,14.036,0.021,1.427,0.701,0.845
654,0.021,2.490,6.669,0.660,0.206,0.131,78.513,0.613,0.229,1759,4832,73.571,0.142,1.575,0.635,0.888
655,2.309E-4,4.578,6.578,0.055,0.018,0.016,96.512,0.973,0.019,3256,4675,107.103,0.017,1.097,0.912,0.925
656,0.018,4.062,6.671,0.602,0.207,0.110,83.986,0.622,0.223,2870,4829,74.302,0.121,1.870,0.535,0.909
657,0.016,10.145,6.674,0.652,0.225,0.088,134.007,0.462,0.233,7159,4704,146.310,0.099,2.548,0.393,0.824
658,0.004,6.328,6.615,0.253,0.084,0.063,148.197,0.813,0.089,4476,4696,155.854,0.064,1.346,0.743,0.942
659,0.002,9.588,6.617,0.178,0.056,0.040,135.541,0.708,0.063,6810,4698,147.724,0.043,1.388,0.721,0.908
660,0.064,10.432,6.767,1.852,0.489,0.166,39.055,0.234,0.529,7265,4943,33.183,0.213,2.945,0.340,0.789
661,0.011,5.189,6.659,0.448,0.135,0.105,64.580,0.697,0.145,3678,4790,61.699,0.112,1.290,0.775,0.915
662,0.006,3.452,6.658,0.325,0.122,0.062,99.665,0.702,0.124,2447,4698,99.142,0.067,1.969,0.508,0.929
663,0.031,4.516,6.689,1.097,0.244,0.164,177.212,0.328,0.281,3132,4703,154.845,0.186,1.481,0.675,0.825
664,2.073E-4,3.036,6.616,0.053,0.018,0.015,3.969,0.941,0.019,2154,4708,167.005,0.015,1.187,0.843,0.913
665,0.004,7.349,6.653,0.271,0.089,0.058,51.907,0.699,0.098,5216,4766,60.866,0.063,1.520,0.658,0.896
666,0.006,7.706,6.672,0.313,0.103,0.075,58.524,0.777,0.109,5464,4783,54.462,0.082,1.368,0.731,0.923
667,0.043,3.178,6.791,0.939,0.309,0.176,56.409,0.608,0.323,2176,4911,50.290,0.192,1.757,0.569,0.900
668,2.408E-4,6.016,6.648,0.057,0.021,0.015,108.917,0.918,0.022,4279,4725,108.435,0.015,1.436,0.696,0.924
669,0.007,8.485,6.698,0.365,0.124,0.075,148.536,0.684,0.128,5996,4761,167.335,0.078,1.662,0.602,0.908
670,2.428E-4,5.290,6.655,0.061,0.022,0.014,173.081,0.809,0.024,3757,4735,169.992,0.015,1.585,0.631,0.869
671,2.625E-4,8.264,6.660,0.071,0.024,0.014,61.759,0.664,0.026,5879,4748,67.620,0.017,1.685,0.593,0.826
672,0.003,8.716,6.673,0.223,0.075,0.052,7.765,0.770,0.076,6177,4745,168.275,0.055,1.444,0.692,0.919
673,0.005,7.267,6.717,0.323,0.127,0.055,57.378,0.657,0.130,5146,4823,59.566,0.057,2.324,0.430,0.935
674,3.198E-4,6.283,6.675,0.075,0.024,0.017,141.250,0.706,0.027,4465,4743,141.340,0.020,1.472,0.680,0.842
675,6.040E-4,4.914,6.677,0.095,0.030,0.026,45.604,0.836,0.033,3493,4764,59.036,0.027,1.181,0.847,0.899
676,4.046E-4,7.591,6.688,0.076,0.026,0.020,10.323,0.885,0.027,5394,4763,11.889,0.021,1.321,0.757,0.913
677,0.012,9.939,6.742,0.469,0.141,0.104,4.625,0.659,0.161,7022,4817,12.583,0.113,1.352,0.740,0.896
678,3.434E-4,0.675,6.696,0.069,0.025,0.017,3.648,0.894,0.026,472,4769,12.529,0.017,1.470,0.680,0.938
679,0.003,0.729,6.742,0.234,0.071,0.060,8.614,0.777,0.079,491,4792,172.875,0.062,1.182,0.846,0.905
680,0.007,7.440,6.780,0.357,0.129,0.074,108.578,0.733,0.135,5278,4779,106.356,0.081,1.751,0.571,0.939
681,0.008,8.180,6.773,0.379,0.140,0.068,37.800,0.658,0.145,5785,4858,42.647,0.075,2.050,0.488,0.933
682,0.049,9.059,6.941,2.046,0.364,0.173,76.242,0.148,0.427,6474,5088,84.139,0.239,2.108,0.474,0.682
683,0.009,3.837,6.781,0.366,0.113,0.099,152.957,0.822,0.121,2699,4803,138.752,0.102,1.151,0.869,0.958
684,4.895E-4,6.957,6.738,0.081,0.026,0.024,15.853,0.928,0.028,4942,4798,14.744,0.024,1.098,0.911,0.939
685,0.012,2.966,6.794,0.645,0.183,0.086,16.031,0.372,0.190,2041,4857,25.809,0.109,2.143,0.467,0.813
686,0.013,7.047,6.817,0.677,0.195,0.085,74.009,0.359,0.201,4992,4924,67.380,0.103,2.290,0.437,0.765
687,0.005,1.241,6.774,0.285,0.094,0.063,14.216,0.720,0.100,850,4832,10.521,0.065,1.496,0.668,0.915
688,3.178E-4,8.727,6.768,0.068,0.025,0.016,71.165,0.859,0.026,6210,4826,74.476,0.017,1.579,0.633,0.915
689,2.684E-4,4.742,6.783,0.061,0.020,0.017,134.447,0.919,0.022,3368,4824,153.435,0.017,1.226,0.816,0.907
690,0.004,6.922,6.812,0.251,0.075,0.061,137.878,0.718,0.082,4911,4822,123.147,0.066,1.218,0.821,0.903
691,2.882E-4,7.302,6.783,0.065,0.024,0.015,3.836,0.865,0.025,5189,4826,163.610,0.015,1.597,0.626,0.918
692,0.014,4.413,6.856,0.528,0.186,0.095,29.275,0.628,0.197,3081,4915,19.599,0.105,1.950,0.513,0.870
693,0.004,5.616,6.829,0.266,0.084,0.065,27.265,0.765,0.093,3966,4865,14.036,0.070,1.302,0.768,0.910
694,0.007,8.226,6.844,0.391,0.107,0.081,173.926,0.560,0.134,5802,4881,9.660,0.090,1.327,0.754,0.812
695,0.013,7.341,6.865,0.515,0.153,0.106,62.739,0.601,0.163,5197,4938,50.258,0.122,1.448,0.691,0.875
696,0.006,6.411,6.841,0.344,0.105,0.078,165.472,0.680,0.122,4522,4857,167.400,0.085,1.348,0.742,0.883
697,3.336E-4,11.088,6.814,0.071,0.024,0.018,161.376,0.821,0.026,7884,4845,164.476,0.018,1.312,0.762,0.899
698,0.006,10.628,6.854,0.340,0.114,0.071,23.635,0.689,0.119,7525,4887,18.650,0.075,1.612,0.620,0.902
699,0.013,9.633,6.882,0.519,0.157,0.109,21.724,0.627,0.171,6802,4915,13.808,0.113,1.442,0.693,0.906
700,0.007,4.774,6.862,0.350,0.124,0.076,1.778,0.760,0.125,3352,4881,172.235,0.079,1.626,0.615,0.943
701,0.022,10.061,6.902,0.755,0.221,0.126,7.272,0.482,0.234,7082,4908,3.791,0.142,1.759,0.569,0.828
702,6.790E-4,5.393,6.849,0.138,0.039,0.022,50.568,0.448,0.045,3829,4887,64.231,0.028,1.733,0.577,0.749
703,0.034,7.105,6.993,1.076,0.271,0.160,82.857,0.369,0.302,5038,5075,84.395,0.177,1.693,0.591,0.830
704,0.067,7.946,7.003,1.858,0.340,0.252,142.189,0.245,0.408,5526,4905,145.380,0.296,1.346,0.743,0.730
705,5.290E-4,8.644,6.847,0.097,0.026,0.025,176.162,0.705,0.033,6144,4865,143.616,0.027,1.037,0.965,0.860
706,0.006,7.250,6.905,0.351,0.129,0.064,93.172,0.657,0.141,5153,4967,85.426,0.069,2.013,0.497,0.899
707,2.645E-4,5.081,6.863,0.059,0.021,0.016,104.835,0.942,0.023,3614,4877,111.801,0.017,1.273,0.786,0.924
708,0.001,5.847,6.874,0.143,0.048,0.032,16.625,0.733,0.050,4144,4901,38.157,0.037,1.528,0.654,0.912
709,0.004,6.172,6.895,0.263,0.088,0.054,128.698,0.670,0.098,4372,4879,129.174,0.058,1.640,0.610,0.893
710,2.171E-4,3.687,6.871,0.054,0.019,0.015,31.565,0.943,0.020,2618,4894,21.038,0.016,1.253,0.798,0.913
711,0.005,11.023,6.895,0.303,0.106,0.060,174.571,0.685,0.114,7802,4900,170.074,0.066,1.763,0.567,0.915
712,0.007,8.759,6.919,0.343,0.114,0.073,136.744,0.702,0.118,6209,4896,130.156,0.078,1.562,0.640,0.888
713,2.882E-4,2.534,6.883,0.062,0.021,0.017,8.260,0.946,0.022,1796,4901,18.435,0.017,1.256,0.796,0.939
714,2.191E-4,4.488,6.896,0.054,0.018,0.015,100.378,0.935,0.020,3191,4902,111.038,0.015,1.188,0.842,0.925
715,0.004,9.896,6.925,0.263,0.076,0.069,87.638,0.745,0.085,7023,4905,128.956,0.072,1.099,0.910,0.925
716,0.006,4.000,6.953,0.338,0.103,0.078,110.368,0.689,0.106,2824,4922,141.459,0.083,1.315,0.761,0.877
717,0.010,8.480,6.965,0.462,0.122,0.099,141.428,0.562,0.132,5987,4944,157.521,0.110,1.233,0.811,0.868
718,0.025,10.587,6.992,0.920,0.265,0.120,155.323,0.373,0.281,7432,4950,159.846,0.140,2.204,0.454,0.813
719,3.059E-4,8.336,6.926,0.066,0.023,0.017,100.065,0.878,0.025,5930,4921,106.390,0.018,1.321,0.757,0.912
720,4.185E-4,9.209,6.930,0.084,0.024,0.022,102.212,0.750,0.028,6544,4931,156.038,0.024,1.101,0.908,0.874
721,0.016,6.654,6.999,0.574,0.177,0.113,179.432,0.597,0.186,4666,4967,174.375,0.131,1.574,0.635,0.871
722,0.008,4.541,6.990,0.396,0.119,0.089,47.310,0.670,0.127,3204,5015,52.624,0.097,1.328,0.753,0.893
723,0.085,4.286,7.105,2.259,0.412,0.261,27.944,0.208,0.475,2908,5181,41.042,0.288,1.579,0.633,0.831
724,0.014,7.743,7.010,0.502,0.142,0.130,59.171,0.719,0.161,5463,5017,30.364,0.127,1.095,0.913,0.918
725,0.013,10.813,7.026,0.634,0.201,0.081,54.712,0.397,0.195,7653,5059,57.339,0.099,2.485,0.402,0.765
726,0.002,7.360,6.968,0.173,0.056,0.047,32.180,0.866,0.059,5219,4969,30.256,0.047,1.171,0.854,0.943
727,2.487E-4,8.618,6.951,0.061,0.020,0.016,162.281,0.838,0.021,6129,4942,126.870,0.017,1.222,0.818,0.894
728,0.005,7.493,7.010,0.288,0.098,0.062,50.885,0.731,0.101,5311,5019,51.216,0.069,1.573,0.636,0.910
729,0.022,8.224,7.056,0.881,0.203,0.138,124.730,0.357,0.227,5804,4961,122.607,0.155,1.473,0.679,0.832
730,2.448E-4,6.170,6.990,0.058,0.020,0.015,83.462,0.907,0.022,4391,4983,75.069,0.015,1.323,0.756,0.922
731,0.003,0.714,7.011,0.192,0.063,0.054,32.704,0.908,0.064,489,5002,36.119,0.055,1.155,0.866,0.968
732,0.007,7.245,7.033,0.339,0.112,0.085,10.683,0.812,0.116,5120,5030,30.606,0.086,1.319,0.758,0.952
733,0.005,5.240,7.029,0.308,0.109,0.057,4.339,0.645,0.114,3696,5021,18.658,0.061,1.912,0.523,0.888
734,0.010,5.995,7.086,0.448,0.163,0.081,110.361,0.648,0.170,4259,4983,98.063,0.087,2.023,0.494,0.906
735,0.006,10.495,7.044,0.336,0.119,0.068,7.362,0.710,0.122,7425,5026,7.943,0.070,1.751,0.571,0.944
736,8.152E-4,6.457,7.029,0.121,0.045,0.023,42.326,0.698,0.045,4588,5017,51.340,0.026,1.970,0.508,0.858
737,2.487E-4,3.307,7.027,0.063,0.021,0.015,1.335,0.795,0.022,2348,5006,39.806,0.015,1.362,0.734,0.887
738,0.007,9.668,7.081,0.342,0.113,0.080,140.423,0.760,0.119,6857,5004,132.138,0.088,1.421,0.704,0.935
739,0.003,5.147,7.061,0.199,0.064,0.055,32.213,0.873,0.070,3644,5042,40.101,0.056,1.171,0.854,0.961
740,0.011,3.719,7.096,0.477,0.171,0.084,147.224,0.626,0.184,2587,5024,152.262,0.094,2.027,0.493,0.906
741,0.006,10.053,7.085,0.357,0.113,0.070,3.241,0.610,0.127,7116,5057,9.567,0.080,1.619,0.618,0.836
742,0.006,8.385,7.114,0.346,0.109,0.075,100.198,0.676,0.120,5958,5018,96.044,0.084,1.444,0.693,0.897
743,0.015,3.037,7.150,0.519,0.164,0.119,86.081,0.717,0.175,2161,5025,101.581,0.124,1.371,0.730,0.932
744,0.008,4.985,7.115,0.382,0.103,0.097,104.048,0.674,0.114,3509,5050,144.545,0.101,1.063,0.941,0.903
745,0.028,2.776,7.181,0.726,0.201,0.180,118.307,0.678,0.225,1980,5029,98.637,0.188,1.115,0.897,0.906
746,0.004,2.936,7.132,0.265,0.099,0.054,85.492,0.742,0.100,2076,5108,75.379,0.055,1.841,0.543,0.943
747,0.003,3.845,7.122,0.236,0.084,0.051,74.201,0.761,0.086,2727,5100,77.775,0.057,1.624,0.616,0.923
748,1.836E-4,4.710,7.103,0.048,0.016,0.015,21.816,1.000,0.017,3347,5058,24.444,0.015,1.043,0.959,0.921
749,2.250E-4,7.542,7.104,0.055,0.017,0.016,128.744,0.936,0.020,5366,5050,111.038,0.017,1.059,0.944,0.905
750,0.003,11.043,7.129,0.205,0.065,0.053,76.987,0.802,0.069,7841,5091,54.058,0.055,1.237,0.808,0.929
751,0.017,7.593,7.181,0.971,0.194,0.114,20.176,0.232,0.247,5326,5163,36.674,0.158,1.694,0.590,0.638
752,0.005,9.375,7.131,0.330,0.109,0.060,151.252,0.589,0.130,6629,5053,147.339,0.070,1.839,0.544,0.859
753,0.004,7.728,7.133,0.277,0.078,0.072,43.751,0.725,0.087,5490,5108,56.821,0.077,1.070,0.935,0.911
754,9.474E-4,4.536,7.126,0.115,0.036,0.033,5.286,0.893,0.039,3217,5063,146.889,0.032,1.079,0.926,0.953
755,0.026,5.929,7.254,0.907,0.294,0.112,91.604,0.396,0.298,4208,5274,87.569,0.136,2.628,0.381,0.826
756,0.012,6.536,7.194,0.464,0.157,0.099,145.066,0.712,0.164,4602,5087,146.853,0.102,1.580,0.633,0.919
757,0.031,9.474,7.277,1.286,0.249,0.160,59.144,0.238,0.300,6682,5276,66.801,0.220,1.559,0.641,0.699
758,0.010,8.832,7.188,0.423,0.140,0.088,11.827,0.679,0.153,6234,5133,15.945,0.099,1.603,0.624,0.904
759,0.008,9.624,7.217,0.385,0.130,0.082,115.689,0.711,0.145,6831,5091,111.077,0.089,1.578,0.634,0.932
760,0.003,8.690,7.186,0.222,0.068,0.059,26.915,0.814,0.073,6170,5136,41.082,0.059,1.145,0.873,0.941
761,3.079E-4,3.133,7.179,0.066,0.023,0.017,137.037,0.887,0.024,2227,5102,110.556,0.017,1.396,0.716,0.902
762,0.008,5.120,7.223,0.393,0.117,0.091,167.098,0.676,0.128,3614,5110,142.125,0.091,1.292,0.774,0.923
763,3.395E-4,1.868,7.185,0.073,0.028,0.016,10.089,0.801,0.029,1319,5116,14.036,0.018,1.754,0.570,0.894
764,0.009,4.980,7.230,0.407,0.138,0.086,162.731,0.714,0.150,3490,5144,164.275,0.090,1.600,0.625,0.939
765,0.004,10.304,7.225,0.260,0.073,0.066,27.812,0.710,0.081,7307,5146,9.951,0.065,1.114,0.898,0.886
766,0.010,4.010,7.261,0.530,0.170,0.077,125.151,0.460,0.184,2816,5122,130.365,0.095,2.198,0.455,0.831
767,0.004,6.119,7.256,0.274,0.097,0.058,75.474,0.740,0.104,4346,5197,74.268,0.062,1.652,0.605,0.932
768,3.020E-4,5.775,7.220,0.067,0.024,0.016,51.878,0.837,0.025,4104,5145,33.690,0.017,1.503,0.666,0.892
769,0.011,6.963,7.285,0.430,0.147,0.096,80.081,0.757,0.148,4949,5239,77.943,0.099,1.524,0.656,0.932
770,0.007,10.014,7.267,0.369,0.144,0.061,150.040,0.633,0.150,7077,5160,159.696,0.066,2.369,0.422,0.917
771,0.006,8.314,7.295,0.350,0.120,0.067,87.659,0.654,0.131,5902,5238,78.207,0.071,1.785,0.560,0.910
772,3.138E-4,7.430,7.244,0.068,0.026,0.015,46.621,0.848,0.027,5282,5163,51.340,0.016,1.725,0.580,0.919
773,0.014,5.574,7.316,0.697,0.193,0.093,37.365,0.365,0.202,3909,5252,39.346,0.112,2.079,0.481,0.808
774,0.007,5.346,7.284,0.335,0.107,0.079,9.853,0.747,0.113,3768,5186,6.419,0.086,1.354,0.739,0.917
775,0.005,6.624,7.283,0.277,0.097,0.065,145.882,0.813,0.100,4683,5167,147.653,0.070,1.480,0.676,0.949
776,0.004,7.465,7.288,0.272,0.087,0.065,94.148,0.749,0.091,5298,5220,80.248,0.069,1.351,0.740,0.921
777,2.448E-4,10.367,7.256,0.057,0.020,0.015,106.696,0.944,0.021,7376,5158,113.199,0.015,1.330,0.752,0.939
778,2.270E-4,4.815,7.260,0.054,0.018,0.016,39.760,0.969,0.020,3421,5170,30.256,0.017,1.143,0.875,0.935
779,0.005,9.850,7.292,0.297,0.111,0.055,38.470,0.687,0.112,6980,5213,36.870,0.061,2.016,0.496,0.903
780,0.007,5.125,7.329,0.318,0.108,0.077,38.034,0.814,0.113,3610,5233,29.124,0.078,1.399,0.715,0.945
781,0.006,6.842,7.341,0.360,0.092,0.087,38.946,0.609,0.102,4841,5248,34.346,0.086,1.052,0.951,0.915
782,0.005,10.103,7.344,0.302,0.089,0.076,96.491,0.730,0.096,7180,5261,71.301,0.081,1.165,0.858,0.913
783,0.010,5.781,7.372,0.534,0.146,0.086,23.028,0.433,0.151,4070,5265,24.179,0.108,1.696,0.590,0.778
784,0.010,10.481,7.360,0.436,0.141,0.086,7.252,0.630,0.148,7415,5262,22.913,0.097,1.627,0.615,0.878
785,0.004,5.997,7.403,0.282,0.082,0.065,135.849,0.665,0.095,4256,5235,124.160,0.074,1.262,0.792,0.895
786,0.003,0.322,7.384,0.206,0.068,0.058,2.895,0.910,0.070,205,5250,165.964,0.058,1.182,0.846,0.968
787,2.882E-4,4.400,7.369,0.063,0.023,0.016,53.841,0.901,0.024,3129,5253,61.928,0.017,1.396,0.716,0.918
788,2.448E-4,3.732,7.396,0.060,0.020,0.016,123.444,0.848,0.021,2653,5258,121.608,0.017,1.293,0.774,0.883
789,2.112E-4,2.773,7.407,0.052,0.018,0.015,57.171,0.971,0.020,1970,5278,59.744,0.015,1.249,0.801,0.939
790,2.349E-4,7.056,7.408,0.056,0.019,0.015,42.430,0.949,0.021,5016,5276,28.301,0.016,1.266,0.790,0.915
791,2.507E-4,8.984,7.434,0.057,0.019,0.017,123.619,0.967,0.021,6391,5285,118.301,0.017,1.157,0.864,0.944
